
DROP TABLE IF EXISTS "SPECTRA"."T_SYS_ACCOUNT";
CREATE TABLE "SPECTRA"."T_SYS_ACCOUNT" (
  "ID" BIGINT NOT NULL,
  "USERNAME" VARCHAR(20) NOT NULL,
  "PASSWORD" VARCHAR(60) NOT NULL,
  "USER_ID" BIGINT NOT NULL,
  "TYPE" INT NOT NULL,
  "CREATED_BY" BIGINT,
  "CREATED_AT" TIMESTAMP(6) NOT NULL,
  "UPDATED_BY" BIGINT,
  "UPDATED_AT" TIMESTAMP(6) NOT NULL,
  "DELETED" TIMESTAMP(6)
)
;
COMMENT ON COLUMN "SPECTRA"."T_SYS_ACCOUNT"."ID" IS '主键ID';
COMMENT ON COLUMN "SPECTRA"."T_SYS_ACCOUNT"."USERNAME" IS '用户名';
COMMENT ON COLUMN "SPECTRA"."T_SYS_ACCOUNT"."PASSWORD" IS '密码';
COMMENT ON COLUMN "SPECTRA"."T_SYS_ACCOUNT"."USER_ID" IS '用户ID';
COMMENT ON COLUMN "SPECTRA"."T_SYS_ACCOUNT"."TYPE" IS '账号类型';
COMMENT ON COLUMN "SPECTRA"."T_SYS_ACCOUNT"."CREATED_BY" IS '创建人';
COMMENT ON COLUMN "SPECTRA"."T_SYS_ACCOUNT"."CREATED_AT" IS '创建时间';
COMMENT ON COLUMN "SPECTRA"."T_SYS_ACCOUNT"."UPDATED_BY" IS '最后更新人';
COMMENT ON COLUMN "SPECTRA"."T_SYS_ACCOUNT"."UPDATED_AT" IS '最后更新时间';
COMMENT ON COLUMN "SPECTRA"."T_SYS_ACCOUNT"."DELETED" IS '删除时间';
COMMENT ON TABLE "SPECTRA"."T_SYS_ACCOUNT" IS '账号表';

-- ----------------------------
-- Records of t_sys_account
-- ----------------------------
INSERT INTO "SPECTRA"."T_SYS_ACCOUNT" VALUES (1927290201865945090, 'yangxj96@gmail.com', '$2a$10$ALzuYNgOSYLlJg/XsxUY7O4BKeqECHf5J7bY8eGPaQK.3VSlkFTaO', 1934276682383138817, 0, NULL, TO_TIMESTAMP('2025-06-24 11:37:43.000000', 'SYYYY-MM-DD HH24:MI:SS:FF6'), 1927290201865945090, TO_TIMESTAMP('2025-06-24 11:37:14.000000', 'SYYYY-MM-DD HH24:MI:SS:FF6'), NULL);
INSERT INTO "SPECTRA"."T_SYS_ACCOUNT" VALUES (1937354421099782146, 'sysadmin@1.com', '$2a$10$zQSrfeQHvHw022UFUOoJwe5oHdOAWcaZr8d2owbbCwAgWqOSjVFVa', 1937354420709711873, 0, 1927290201865945090, TO_TIMESTAMP('2025-06-24 11:37:43.000000', 'SYYYY-MM-DD HH24:MI:SS:FF6'), 1927290201865945090, TO_TIMESTAMP('2025-06-24 11:37:43.000000', 'SYYYY-MM-DD HH24:MI:SS:FF6'), NULL);
INSERT INTO "SPECTRA"."T_SYS_ACCOUNT" VALUES (1937706587203239938, 'ceshi@1.com', '$2a$10$UhexxdMYdvPFokOuBO2va.hG4mxzjvXRGufSmnLtRYJrirY8Bw4km', 1937706586813169665, 0, 1927290201865945090, TO_TIMESTAMP('2025-06-25 10:57:06.000000', 'SYYYY-MM-DD HH24:MI:SS:FF6'), 1927290201865945090, TO_TIMESTAMP('2025-06-25 10:57:06.000000', 'SYYYY-MM-DD HH24:MI:SS:FF6'), NULL);

-- ----------------------------
-- Table structure for t_sys_authority
-- ----------------------------
DROP TABLE IF EXISTS "SPECTRA"."T_SYS_AUTHORITY";
CREATE TABLE "SPECTRA"."T_SYS_AUTHORITY" (
  "ID" BIGINT NOT NULL,
  "PID" BIGINT,
  "NAME" VARCHAR(100) NOT NULL,
  "CODE" VARCHAR(100) NOT NULL,
  "CREATED_BY" BIGINT,
  "CREATED_AT" TIMESTAMP(6) NOT NULL,
  "UPDATED_BY" BIGINT,
  "UPDATED_AT" TIMESTAMP(6) NOT NULL,
  "DELETED" TIMESTAMP(6)
)
;
COMMENT ON COLUMN "SPECTRA"."T_SYS_AUTHORITY"."ID" IS '主键ID';
COMMENT ON COLUMN "SPECTRA"."T_SYS_AUTHORITY"."PID" IS '父级ID,用于构建树形结构';
COMMENT ON COLUMN "SPECTRA"."T_SYS_AUTHORITY"."NAME" IS '权限名称';
COMMENT ON COLUMN "SPECTRA"."T_SYS_AUTHORITY"."CODE" IS '权限编码';
COMMENT ON COLUMN "SPECTRA"."T_SYS_AUTHORITY"."CREATED_BY" IS '创建人';
COMMENT ON COLUMN "SPECTRA"."T_SYS_AUTHORITY"."CREATED_AT" IS '创建时间';
COMMENT ON COLUMN "SPECTRA"."T_SYS_AUTHORITY"."UPDATED_BY" IS '最后更新人';
COMMENT ON COLUMN "SPECTRA"."T_SYS_AUTHORITY"."UPDATED_AT" IS '最后更新时间';
COMMENT ON COLUMN "SPECTRA"."T_SYS_AUTHORITY"."DELETED" IS '是否删除';
COMMENT ON TABLE "SPECTRA"."T_SYS_AUTHORITY" IS '权限表';

-- ----------------------------
-- Records of t_sys_authority
-- ----------------------------
INSERT INTO "SPECTRA"."T_SYS_AUTHORITY" VALUES (1943513441539891202, NULL, '字典权限', 'MENU:*', NULL, TO_TIMESTAMP('2025-07-11 11:31:28.000000', 'SYYYY-MM-DD HH24:MI:SS:FF6'), NULL, TO_TIMESTAMP('2025-07-11 11:31:28.000000', 'SYYYY-MM-DD HH24:MI:SS:FF6'), NULL);
INSERT INTO "SPECTRA"."T_SYS_AUTHORITY" VALUES (1943513442269700097, 1943513441539891202, '字典新增', 'MENU:INSERT', NULL, TO_TIMESTAMP('2025-07-11 11:31:28.000000', 'SYYYY-MM-DD HH24:MI:SS:FF6'), NULL, TO_TIMESTAMP('2025-07-11 11:31:28.000000', 'SYYYY-MM-DD HH24:MI:SS:FF6'), NULL);
INSERT INTO "SPECTRA"."T_SYS_AUTHORITY" VALUES (1943513442269700098, 1943513441539891202, '字典修改', 'MENU:UPDATE', NULL, TO_TIMESTAMP('2025-07-11 11:31:28.000000', 'SYYYY-MM-DD HH24:MI:SS:FF6'), NULL, TO_TIMESTAMP('2025-07-11 11:31:28.000000', 'SYYYY-MM-DD HH24:MI:SS:FF6'), NULL);
INSERT INTO "SPECTRA"."T_SYS_AUTHORITY" VALUES (1943513442269700099, 1943513441539891202, '字典删除', 'MENU:DELETE', NULL, TO_TIMESTAMP('2025-07-11 11:31:28.000000', 'SYYYY-MM-DD HH24:MI:SS:FF6'), NULL, TO_TIMESTAMP('2025-07-11 11:31:28.000000', 'SYYYY-MM-DD HH24:MI:SS:FF6'), NULL);

-- ----------------------------
-- Table structure for t_sys_dict_data
-- ----------------------------
DROP TABLE IF EXISTS "SPECTRA"."T_SYS_DICT_DATA";
CREATE TABLE "SPECTRA"."T_SYS_DICT_DATA" (
  "ID" BIGINT NOT NULL,
  "GID" BIGINT NOT NULL,
  "LABEL" VARCHAR(100) NOT NULL,
  "VALUE" VARCHAR(100) NOT NULL,
  "SORT" SMALLINT DEFAULT 0 NOT NULL,
  "STATE" SMALLINT NOT NULL,
  "REMARK" VARCHAR(255),
  "CREATED_BY" BIGINT,
  "CREATED_AT" TIMESTAMP(6) NOT NULL,
  "UPDATED_BY" BIGINT,
  "UPDATED_AT" TIMESTAMP(6) NOT NULL,
  "DELETED" TIMESTAMP(6)
)
;
COMMENT ON COLUMN "SPECTRA"."T_SYS_DICT_DATA"."ID" IS '主键ID';
COMMENT ON COLUMN "SPECTRA"."T_SYS_DICT_DATA"."GID" IS '字典组ID';
COMMENT ON COLUMN "SPECTRA"."T_SYS_DICT_DATA"."LABEL" IS '标签';
COMMENT ON COLUMN "SPECTRA"."T_SYS_DICT_DATA"."VALUE" IS '值';
COMMENT ON COLUMN "SPECTRA"."T_SYS_DICT_DATA"."SORT" IS '排序';
COMMENT ON COLUMN "SPECTRA"."T_SYS_DICT_DATA"."STATE" IS '状态';
COMMENT ON COLUMN "SPECTRA"."T_SYS_DICT_DATA"."REMARK" IS '备注';
COMMENT ON COLUMN "SPECTRA"."T_SYS_DICT_DATA"."CREATED_BY" IS '创建人';
COMMENT ON COLUMN "SPECTRA"."T_SYS_DICT_DATA"."CREATED_AT" IS '创建时间';
COMMENT ON COLUMN "SPECTRA"."T_SYS_DICT_DATA"."UPDATED_BY" IS '最后更新人';
COMMENT ON COLUMN "SPECTRA"."T_SYS_DICT_DATA"."UPDATED_AT" IS '最后更新时间';
COMMENT ON COLUMN "SPECTRA"."T_SYS_DICT_DATA"."DELETED" IS '是否删除';

-- ----------------------------
-- Records of t_sys_dict_data
-- ----------------------------
INSERT INTO "SPECTRA"."T_SYS_DICT_DATA" VALUES (1942142254075305986, 1942142182856024066, '全局', '0', 999, 0, '全局范围可查询', 1927290201865945090, TO_TIMESTAMP('2025-07-07 16:42:51.000000', 'SYYYY-MM-DD HH24:MI:SS:FF6'), 1927290201865945090, TO_TIMESTAMP('2025-07-07 16:42:51.000000', 'SYYYY-MM-DD HH24:MI:SS:FF6'), NULL);
INSERT INTO "SPECTRA"."T_SYS_DICT_DATA" VALUES (1942142354801516546, 1942142182856024066, '本级', '1', 999, 0, '可以查询当前所属的组织机构+部门本级别的内容', 1927290201865945090, TO_TIMESTAMP('2025-07-07 16:43:15.000000', 'SYYYY-MM-DD HH24:MI:SS:FF6'), 1927290201865945090, TO_TIMESTAMP('2025-07-07 16:43:15.000000', 'SYYYY-MM-DD HH24:MI:SS:FF6'), NULL);
INSERT INTO "SPECTRA"."T_SYS_DICT_DATA" VALUES (1942142489367371777, 1942142182856024066, '本级包含下级', '2', 999, 0, '可以查询当前组织机构+部门,包含子级组织机构+部门的数据', 1927290201865945090, TO_TIMESTAMP('2025-07-07 16:43:47.000000', 'SYYYY-MM-DD HH24:MI:SS:FF6'), 1927290201865945090, TO_TIMESTAMP('2025-07-07 16:43:47.000000', 'SYYYY-MM-DD HH24:MI:SS:FF6'), NULL);
INSERT INTO "SPECTRA"."T_SYS_DICT_DATA" VALUES (1942143228055609345, 1942142790749085698, '正常', '0', 999, 0, '正常', 1927290201865945090, TO_TIMESTAMP('2025-07-07 16:46:44.000000', 'SYYYY-MM-DD HH24:MI:SS:FF6'), 1927290201865945090, TO_TIMESTAMP('2025-07-07 16:46:44.000000', 'SYYYY-MM-DD HH24:MI:SS:FF6'), NULL);
INSERT INTO "SPECTRA"."T_SYS_DICT_DATA" VALUES (1942143271655399425, 1942142790749085698, '冻结', '1', 999, 0, '冻结', 1927290201865945090, TO_TIMESTAMP('2025-07-07 16:46:54.000000', 'SYYYY-MM-DD HH24:MI:SS:FF6'), 1927290201865945090, TO_TIMESTAMP('2025-07-07 16:46:54.000000', 'SYYYY-MM-DD HH24:MI:SS:FF6'), NULL);
INSERT INTO "SPECTRA"."T_SYS_DICT_DATA" VALUES (1942143325908721665, 1942142790749085698, '封禁', '2', 999, 0, '封禁', 1927290201865945090, TO_TIMESTAMP('2025-07-07 16:47:07.000000', 'SYYYY-MM-DD HH24:MI:SS:FF6'), 1927290201865945090, TO_TIMESTAMP('2025-07-07 16:47:07.000000', 'SYYYY-MM-DD HH24:MI:SS:FF6'), NULL);
INSERT INTO "SPECTRA"."T_SYS_DICT_DATA" VALUES (1942143658663829506, 1942143605777850369, '启用', '0', 999, 0, '启用', 1927290201865945090, TO_TIMESTAMP('2025-07-07 16:48:26.000000', 'SYYYY-MM-DD HH24:MI:SS:FF6'), 1927290201865945090, TO_TIMESTAMP('2025-07-07 16:48:26.000000', 'SYYYY-MM-DD HH24:MI:SS:FF6'), NULL);
INSERT INTO "SPECTRA"."T_SYS_DICT_DATA" VALUES (1942143694822924289, 1942143605777850369, '禁用', '1', 999, 0, '禁用', 1927290201865945090, TO_TIMESTAMP('2025-07-07 16:48:35.000000', 'SYYYY-MM-DD HH24:MI:SS:FF6'), 1927290201865945090, TO_TIMESTAMP('2025-07-07 16:48:35.000000', 'SYYYY-MM-DD HH24:MI:SS:FF6'), NULL);
INSERT INTO "SPECTRA"."T_SYS_DICT_DATA" VALUES (1942151875150163969, 1942151722745933825, '邮箱登录', '0', 999, 0, '邮箱登录', 1927290201865945090, TO_TIMESTAMP('2025-07-07 17:21:05.000000', 'SYYYY-MM-DD HH24:MI:SS:FF6'), 1927290201865945090, TO_TIMESTAMP('2025-07-07 17:21:05.000000', 'SYYYY-MM-DD HH24:MI:SS:FF6'), NULL);
INSERT INTO "SPECTRA"."T_SYS_DICT_DATA" VALUES (1942151904090861570, 1942151722745933825, '手机号码', '1', 999, 0, '手机号码', 1927290201865945090, TO_TIMESTAMP('2025-07-07 17:21:12.000000', 'SYYYY-MM-DD HH24:MI:SS:FF6'), 1927290201865945090, TO_TIMESTAMP('2025-07-07 17:21:12.000000', 'SYYYY-MM-DD HH24:MI:SS:FF6'), NULL);
INSERT INTO "SPECTRA"."T_SYS_DICT_DATA" VALUES (1942151942581989377, 1942151722745933825, '微信登录', '2', 999, 0, '微信登录', 1927290201865945090, TO_TIMESTAMP('2025-07-07 17:21:21.000000', 'SYYYY-MM-DD HH24:MI:SS:FF6'), 1927290201865945090, TO_TIMESTAMP('2025-07-07 17:21:21.000000', 'SYYYY-MM-DD HH24:MI:SS:FF6'), NULL);
INSERT INTO "SPECTRA"."T_SYS_DICT_DATA" VALUES (1942506181581787138, 1942429096108576770, '业务测试_V_1', 'yw_test_v_1', 1, 0, NULL, 1927290201865945090, TO_TIMESTAMP('2025-07-08 16:48:58.000000', 'SYYYY-MM-DD HH24:MI:SS:FF6'), 1927290201865945090, TO_TIMESTAMP('2025-07-08 16:48:58.000000', 'SYYYY-MM-DD HH24:MI:SS:FF6'), NULL);
INSERT INTO "SPECTRA"."T_SYS_DICT_DATA" VALUES (1942506793794981889, 1942429096108576770, '业务测试_V_2', 'yw_test_v_2', 1, 1, NULL, 1927290201865945090, TO_TIMESTAMP('2025-07-08 16:51:24.000000', 'SYYYY-MM-DD HH24:MI:SS:FF6'), 1927290201865945090, TO_TIMESTAMP('2025-07-11 10:15:42.000000', 'SYYYY-MM-DD HH24:MI:SS:FF6'), NULL);
INSERT INTO "SPECTRA"."T_SYS_DICT_DATA" VALUES (1944677811678519297, 1944677668501757953, '集团总部', '1', 1, 0, NULL, 1927290201865945090, TO_TIMESTAMP('2025-07-14 16:38:15.000000', 'SYYYY-MM-DD HH24:MI:SS:FF6'), 1927290201865945090, TO_TIMESTAMP('2025-08-05 11:30:17.000000', 'SYYYY-MM-DD HH24:MI:SS:FF6'), NULL);
INSERT INTO "SPECTRA"."T_SYS_DICT_DATA" VALUES (1944677899893121026, 1944677668501757953, '省级公司', '2', 2, 0, NULL, 1927290201865945090, TO_TIMESTAMP('2025-07-14 16:38:36.000000', 'SYYYY-MM-DD HH24:MI:SS:FF6'), 1927290201865945090, TO_TIMESTAMP('2025-08-05 11:34:06.000000', 'SYYYY-MM-DD HH24:MI:SS:FF6'), NULL);
INSERT INTO "SPECTRA"."T_SYS_DICT_DATA" VALUES (1944677967375278082, 1944677668501757953, '市级公司', '3', 3, 0, NULL, 1927290201865945090, TO_TIMESTAMP('2025-07-14 16:38:52.000000', 'SYYYY-MM-DD HH24:MI:SS:FF6'), 1927290201865945090, TO_TIMESTAMP('2025-08-05 11:30:29.000000', 'SYYYY-MM-DD HH24:MI:SS:FF6'), NULL);
INSERT INTO "SPECTRA"."T_SYS_DICT_DATA" VALUES (1944678003773448194, 1944677668501757953, '部门', '5', 5, 0, NULL, 1927290201865945090, TO_TIMESTAMP('2025-07-14 16:39:01.000000', 'SYYYY-MM-DD HH24:MI:SS:FF6'), 1927290201865945090, TO_TIMESTAMP('2025-08-05 11:30:47.000000', 'SYYYY-MM-DD HH24:MI:SS:FF6'), NULL);
INSERT INTO "SPECTRA"."T_SYS_DICT_DATA" VALUES (1944678052813250561, 1944677668501757953, '科室/小组', '6', 6, 0, NULL, 1927290201865945090, TO_TIMESTAMP('2025-07-14 16:39:13.000000', 'SYYYY-MM-DD HH24:MI:SS:FF6'), 1927290201865945090, TO_TIMESTAMP('2025-08-05 11:30:52.000000', 'SYYYY-MM-DD HH24:MI:SS:FF6'), NULL);
INSERT INTO "SPECTRA"."T_SYS_DICT_DATA" VALUES (1952572801645711361, 1944677668501757953, '县级公司', '4', 4, 0, NULL, 1927290201865945090, TO_TIMESTAMP('2025-08-05 11:30:08.000000', 'SYYYY-MM-DD HH24:MI:SS:FF6'), 1927290201865945090, TO_TIMESTAMP('2025-08-05 11:34:01.000000', 'SYYYY-MM-DD HH24:MI:SS:FF6'), NULL);
INSERT INTO "SPECTRA"."T_SYS_DICT_DATA" VALUES (1952928284525182977, 1942429096108576770, '业务测试V3', 'yw_test_v_3', 999, 0, NULL, 1927290201865945090, TO_TIMESTAMP('2025-08-06 11:02:41.000000', 'SYYYY-MM-DD HH24:MI:SS:FF6'), 1927290201865945090, TO_TIMESTAMP('2025-08-06 11:02:41.000000', 'SYYYY-MM-DD HH24:MI:SS:FF6'), NULL);

-- ----------------------------
-- Table structure for t_sys_dict_group
-- ----------------------------
DROP TABLE IF EXISTS "SPECTRA"."T_SYS_DICT_GROUP";
CREATE TABLE "SPECTRA"."T_SYS_DICT_GROUP" (
  "ID" BIGINT NOT NULL,
  "PID" BIGINT,
  "NAME" VARCHAR(100) NOT NULL,
  "CODE" VARCHAR(100) NOT NULL,
  "STATE" SMALLINT NOT NULL,
  "REMARK" VARCHAR(255),
  "BUILTIN" BIT DEFAULT 0 NOT NULL,
  "HIDE" BIT DEFAULT 0 NOT NULL,
  "CREATED_BY" BIGINT,
  "CREATED_AT" TIMESTAMP(6) NOT NULL,
  "UPDATED_BY" BIGINT,
  "UPDATED_AT" TIMESTAMP(6) NOT NULL,
  "DELETED" TIMESTAMP(6)
)
;
COMMENT ON COLUMN "SPECTRA"."T_SYS_DICT_GROUP"."ID" IS '主键ID';
COMMENT ON COLUMN "SPECTRA"."T_SYS_DICT_GROUP"."PID" IS '父级ID';
COMMENT ON COLUMN "SPECTRA"."T_SYS_DICT_GROUP"."NAME" IS '字典名称';
COMMENT ON COLUMN "SPECTRA"."T_SYS_DICT_GROUP"."CODE" IS '字典编码';
COMMENT ON COLUMN "SPECTRA"."T_SYS_DICT_GROUP"."STATE" IS '字典状态';
COMMENT ON COLUMN "SPECTRA"."T_SYS_DICT_GROUP"."REMARK" IS '备注';
COMMENT ON COLUMN "SPECTRA"."T_SYS_DICT_GROUP"."BUILTIN" IS '是否内置字段,为TRUE则不允许他进行修改删除操作';
COMMENT ON COLUMN "SPECTRA"."T_SYS_DICT_GROUP"."HIDE" IS '是否隐藏,为TRUE则前端不可直接进行修改删除等操作';
COMMENT ON COLUMN "SPECTRA"."T_SYS_DICT_GROUP"."CREATED_BY" IS '创建人';
COMMENT ON COLUMN "SPECTRA"."T_SYS_DICT_GROUP"."CREATED_AT" IS '创建时间';
COMMENT ON COLUMN "SPECTRA"."T_SYS_DICT_GROUP"."UPDATED_BY" IS '最后更新人';
COMMENT ON COLUMN "SPECTRA"."T_SYS_DICT_GROUP"."UPDATED_AT" IS '最后更新时间';
COMMENT ON COLUMN "SPECTRA"."T_SYS_DICT_GROUP"."DELETED" IS '是否删除';

-- ----------------------------
-- Records of t_sys_dict_group
-- ----------------------------
INSERT INTO "SPECTRA"."T_SYS_DICT_GROUP" VALUES (1942142182856024066, 1942142921347129346, '权限范围', 't_sys_power_scope', 0, '系统权限范围', '1', '0', 1927290201865945090, TO_TIMESTAMP('2025-07-07 16:42:34.000000', 'SYYYY-MM-DD HH24:MI:SS:FF6'), 1927290201865945090, TO_TIMESTAMP('2025-07-07 16:42:34.000000', 'SYYYY-MM-DD HH24:MI:SS:FF6'), NULL);
INSERT INTO "SPECTRA"."T_SYS_DICT_GROUP" VALUES (1942142790749085698, 1942142921347129346, '用户状态', 't_sys_user_state', 0, '用户状态', '1', '0', 1927290201865945090, TO_TIMESTAMP('2025-07-07 16:44:59.000000', 'SYYYY-MM-DD HH24:MI:SS:FF6'), 1927290201865945090, TO_TIMESTAMP('2025-07-07 16:44:59.000000', 'SYYYY-MM-DD HH24:MI:SS:FF6'), NULL);
INSERT INTO "SPECTRA"."T_SYS_DICT_GROUP" VALUES (1942142921347129346, NULL, '系统配置', 'sys', 0, '系统配置相关的字典组.基本为内置不可修改的字典组', '1', '0', 1927290201865945090, TO_TIMESTAMP('2025-07-07 16:45:30.000000', 'SYYYY-MM-DD HH24:MI:SS:FF6'), 1927290201865945090, TO_TIMESTAMP('2025-07-07 16:45:30.000000', 'SYYYY-MM-DD HH24:MI:SS:FF6'), NULL);
INSERT INTO "SPECTRA"."T_SYS_DICT_GROUP" VALUES (1942143605777850369, 1942142921347129346, '通用状态', 't_sys_common_state', 0, '通用状态', '1', '0', 1927290201865945090, TO_TIMESTAMP('2025-07-07 16:48:14.000000', 'SYYYY-MM-DD HH24:MI:SS:FF6'), 1927290201865945090, TO_TIMESTAMP('2025-07-07 16:48:14.000000', 'SYYYY-MM-DD HH24:MI:SS:FF6'), NULL);
INSERT INTO "SPECTRA"."T_SYS_DICT_GROUP" VALUES (1942150470595194881, NULL, '业务配置', 'business', 0, '业务部分需要的配置', '0', '0', 1927290201865945090, TO_TIMESTAMP('2025-07-07 17:15:30.000000', 'SYYYY-MM-DD HH24:MI:SS:FF6'), 1927290201865945090, TO_TIMESTAMP('2025-07-07 17:15:30.000000', 'SYYYY-MM-DD HH24:MI:SS:FF6'), NULL);
INSERT INTO "SPECTRA"."T_SYS_DICT_GROUP" VALUES (1942151722745933825, 1942142921347129346, '账号类型', 't_sys_account_type', 0, '账号类型，一个用户可以有多个不同账号类型的账号，对应不同登录方式', '1', '0', 1927290201865945090, TO_TIMESTAMP('2025-07-07 17:20:29.000000', 'SYYYY-MM-DD HH24:MI:SS:FF6'), 1927290201865945090, TO_TIMESTAMP('2025-07-07 17:20:29.000000', 'SYYYY-MM-DD HH24:MI:SS:FF6'), NULL);
INSERT INTO "SPECTRA"."T_SYS_DICT_GROUP" VALUES (1942429096108576770, 1942150470595194881, '业务测试1', 'business_test_1', 0, NULL, '0', '0', 1927290201865945090, TO_TIMESTAMP('2025-07-08 11:42:40.000000', 'SYYYY-MM-DD HH24:MI:SS:FF6'), 1927290201865945090, TO_TIMESTAMP('2025-08-06 11:02:24.000000', 'SYYYY-MM-DD HH24:MI:SS:FF6'), NULL);
INSERT INTO "SPECTRA"."T_SYS_DICT_GROUP" VALUES (1944677668501757953, 1942142921347129346, '组织机构类型', 't_sys_organization_type', 0, NULL, '1', '0', 1927290201865945090, TO_TIMESTAMP('2025-07-14 16:37:41.000000', 'SYYYY-MM-DD HH24:MI:SS:FF6'), 1927290201865945090, TO_TIMESTAMP('2025-07-14 16:37:41.000000', 'SYYYY-MM-DD HH24:MI:SS:FF6'), NULL);

-- ----------------------------
-- Table structure for t_sys_menu
-- ----------------------------
DROP TABLE IF EXISTS "SPECTRA"."T_SYS_MENU";
CREATE TABLE "SPECTRA"."T_SYS_MENU" (
  "ID" BIGINT NOT NULL,
  "NAME" VARCHAR(100) NOT NULL,
  "PID" BIGINT,
  "ICON" VARCHAR(100),
  "PATH" VARCHAR(255) NOT NULL,
  "COMPONENT" VARCHAR(100) NOT NULL,
  "LAYOUT" VARCHAR(100),
  "SORT" INTEGER DEFAULT 0,
  "CREATED_BY" BIGINT,
  "CREATED_AT" TIMESTAMP(6) NOT NULL,
  "UPDATED_BY" BIGINT,
  "UPDATED_AT" TIMESTAMP(6) NOT NULL,
  "DELETED" TIMESTAMP(6)
)
;
COMMENT ON COLUMN "SPECTRA"."T_SYS_MENU"."ID" IS '主键ID';
COMMENT ON COLUMN "SPECTRA"."T_SYS_MENU"."NAME" IS '名称';
COMMENT ON COLUMN "SPECTRA"."T_SYS_MENU"."PID" IS '父级ID';
COMMENT ON COLUMN "SPECTRA"."T_SYS_MENU"."ICON" IS '图标';
COMMENT ON COLUMN "SPECTRA"."T_SYS_MENU"."PATH" IS '请求路径';
COMMENT ON COLUMN "SPECTRA"."T_SYS_MENU"."COMPONENT" IS '组件路径,为空则使用布局组件';
COMMENT ON COLUMN "SPECTRA"."T_SYS_MENU"."LAYOUT" IS '布局';
COMMENT ON COLUMN "SPECTRA"."T_SYS_MENU"."SORT" IS '排序';
COMMENT ON COLUMN "SPECTRA"."T_SYS_MENU"."CREATED_BY" IS '创建人';
COMMENT ON COLUMN "SPECTRA"."T_SYS_MENU"."CREATED_AT" IS '创建时间';
COMMENT ON COLUMN "SPECTRA"."T_SYS_MENU"."UPDATED_BY" IS '最后更新人';
COMMENT ON COLUMN "SPECTRA"."T_SYS_MENU"."UPDATED_AT" IS '最后更新时间';
COMMENT ON COLUMN "SPECTRA"."T_SYS_MENU"."DELETED" IS '是否删除';

-- ----------------------------
-- Records of t_sys_menu
-- ----------------------------
INSERT INTO "SPECTRA"."T_SYS_MENU" VALUES (1929928379575111682, '系统管理', NULL, 'icon-setting', '/system', 'layout', 'layout', 0, 1927290201865945090, TO_TIMESTAMP('2025-06-05 11:37:46.000000', 'SYYYY-MM-DD HH24:MI:SS:FF6'), 1927290201865945090, TO_TIMESTAMP('2025-08-06 11:04:37.000000', 'SYYYY-MM-DD HH24:MI:SS:FF6'), NULL);
INSERT INTO "SPECTRA"."T_SYS_MENU" VALUES (1929928379667386370, '组件示例', NULL, 'icon-setting', '/example', 'layout', 'layout', 2, 1927290201865945090, TO_TIMESTAMP('2025-06-05 11:37:46.000000', 'SYYYY-MM-DD HH24:MI:SS:FF6'), 1927290201865945090, TO_TIMESTAMP('2025-07-23 16:59:53.000000', 'SYYYY-MM-DD HH24:MI:SS:FF6'), NULL);
INSERT INTO "SPECTRA"."T_SYS_MENU" VALUES (1929929620715778049, '用户管理', 1929928379575111682, 'icon-module', 'user', '/System/User/index', NULL, 0, 1927290201865945090, TO_TIMESTAMP('2025-06-05 11:37:46.000000', 'SYYYY-MM-DD HH24:MI:SS:FF6'), 1927290201865945090, TO_TIMESTAMP('2025-08-06 11:04:40.000000', 'SYYYY-MM-DD HH24:MI:SS:FF6'), NULL);
INSERT INTO "SPECTRA"."T_SYS_MENU" VALUES (1929929620753526785, '访问控制', 1929928379575111682, 'icon-module', 'RBAC', '/System/RBAC/index', NULL, 2, 1927290201865945090, TO_TIMESTAMP('2025-06-05 11:37:46.000000', 'SYYYY-MM-DD HH24:MI:SS:FF6'), 1927290201865945090, TO_TIMESTAMP('2025-06-12 10:03:39.000000', 'SYYYY-MM-DD HH24:MI:SS:FF6'), NULL);
INSERT INTO "SPECTRA"."T_SYS_MENU" VALUES (1929929620753526787, '字典管理', 1929928379575111682, 'icon-module', 'dict', '/System/Dict/index', NULL, 4, 1927290201865945090, TO_TIMESTAMP('2025-06-05 11:37:46.000000', 'SYYYY-MM-DD HH24:MI:SS:FF6'), 1927290201865945090, TO_TIMESTAMP('2025-06-12 10:03:46.000000', 'SYYYY-MM-DD HH24:MI:SS:FF6'), NULL);
INSERT INTO "SPECTRA"."T_SYS_MENU" VALUES (1929929620753526788, '定时任务', 1947937225978130433, 'icon-module', 'task', '/Monitor/Task/index', NULL, 2, 1927290201865945090, TO_TIMESTAMP('2025-06-05 11:37:46.000000', 'SYYYY-MM-DD HH24:MI:SS:FF6'), 1927290201865945090, TO_TIMESTAMP('2025-07-23 16:56:11.000000', 'SYYYY-MM-DD HH24:MI:SS:FF6'), NULL);
INSERT INTO "SPECTRA"."T_SYS_MENU" VALUES (1929929620753526789, '菜单管理', 1929928379575111682, 'icon-module', 'menu', '/System/Menu/index', NULL, 3, 1927290201865945090, TO_TIMESTAMP('2025-06-05 11:37:46.000000', 'SYYYY-MM-DD HH24:MI:SS:FF6'), 1927290201865945090, TO_TIMESTAMP('2025-06-12 10:03:43.000000', 'SYYYY-MM-DD HH24:MI:SS:FF6'), NULL);
INSERT INTO "SPECTRA"."T_SYS_MENU" VALUES (1929929620753526790, '文件存储', 1929928379575111682, 'icon-module', 'storage', '/System/Storage/index', NULL, 5, 1927290201865945090, TO_TIMESTAMP('2025-06-05 11:37:46.000000', 'SYYYY-MM-DD HH24:MI:SS:FF6'), 1927290201865945090, TO_TIMESTAMP('2025-06-12 10:03:49.000000', 'SYYYY-MM-DD HH24:MI:SS:FF6'), NULL);
INSERT INTO "SPECTRA"."T_SYS_MENU" VALUES (1929929620816441346, '图表示例', 1929928379667386370, 'icon-module', 'echarts', '/Example/Echarts/index', NULL, 3, 1927290201865945090, TO_TIMESTAMP('2025-06-05 11:37:46.000000', 'SYYYY-MM-DD HH24:MI:SS:FF6'), 1927290201865945090, TO_TIMESTAMP('2025-06-11 09:47:18.000000', 'SYYYY-MM-DD HH24:MI:SS:FF6'), NULL);
INSERT INTO "SPECTRA"."T_SYS_MENU" VALUES (1929929620816441347, '列表示例', 1929928379667386370, 'icon-module', 'table', '/Example/Table/index', NULL, 1, 1927290201865945090, TO_TIMESTAMP('2025-06-05 11:37:46.000000', 'SYYYY-MM-DD HH24:MI:SS:FF6'), 1927290201865945090, TO_TIMESTAMP('2025-06-11 09:47:10.000000', 'SYYYY-MM-DD HH24:MI:SS:FF6'), NULL);
INSERT INTO "SPECTRA"."T_SYS_MENU" VALUES (1929929620816441348, '表单示例', 1929928379667386370, 'icon-module', 'form', '/Example/Form/index', NULL, 2, 1927290201865945090, TO_TIMESTAMP('2025-06-05 11:37:46.000000', 'SYYYY-MM-DD HH24:MI:SS:FF6'), 1927290201865945090, TO_TIMESTAMP('2025-06-11 09:47:14.000000', 'SYYYY-MM-DD HH24:MI:SS:FF6'), NULL);
INSERT INTO "SPECTRA"."T_SYS_MENU" VALUES (1932983846772363266, '部门管理', 1929928379575111682, 'icon-module', 'dept', '/System/Dept/index', NULL, 1, 1927290201865945090, TO_TIMESTAMP('2025-06-12 10:10:37.000000', 'SYYYY-MM-DD HH24:MI:SS:FF6'), 1927290201865945090, TO_TIMESTAMP('2025-06-12 10:10:37.000000', 'SYYYY-MM-DD HH24:MI:SS:FF6'), NULL);
INSERT INTO "SPECTRA"."T_SYS_MENU" VALUES (1943557799479791617, 'Markdown', 1929928379667386370, 'icon-module', 'markdown', '/Example/Markdown/index', NULL, 4, 1927290201865945090, TO_TIMESTAMP('2025-07-11 14:27:44.000000', 'SYYYY-MM-DD HH24:MI:SS:FF6'), 1927290201865945090, TO_TIMESTAMP('2025-07-11 14:27:54.000000', 'SYYYY-MM-DD HH24:MI:SS:FF6'), NULL);
INSERT INTO "SPECTRA"."T_SYS_MENU" VALUES (1947937225978130433, '系统监控', NULL, 'icon-setting', '/monitor', 'layout', 'layout', 1, 1927290201865945090, TO_TIMESTAMP('2025-07-23 16:30:00.000000', 'SYYYY-MM-DD HH24:MI:SS:FF6'), 1927290201865945090, TO_TIMESTAMP('2025-07-23 16:59:59.000000', 'SYYYY-MM-DD HH24:MI:SS:FF6'), NULL);
INSERT INTO "SPECTRA"."T_SYS_MENU" VALUES (1947937675586547713, '数据监控', 1947937225978130433, 'icon-module', 'database', '/Monitor/Database/index', NULL, 1, 1927290201865945090, TO_TIMESTAMP('2025-07-23 16:31:47.000000', 'SYYYY-MM-DD HH24:MI:SS:FF6'), 1927290201865945090, TO_TIMESTAMP('2025-07-23 16:31:47.000000', 'SYYYY-MM-DD HH24:MI:SS:FF6'), NULL);
INSERT INTO "SPECTRA"."T_SYS_MENU" VALUES (1947943281978445825, '在线用户', 1947937225978130433, 'icon-module', 'online', '/Monitor/Online/index', NULL, 0, 1927290201865945090, TO_TIMESTAMP('2025-07-23 16:54:04.000000', 'SYYYY-MM-DD HH24:MI:SS:FF6'), 1927290201865945090, TO_TIMESTAMP('2025-07-23 16:55:35.000000', 'SYYYY-MM-DD HH24:MI:SS:FF6'), NULL);
INSERT INTO "SPECTRA"."T_SYS_MENU" VALUES (1947944068104261634, '服务监控', 1947937225978130433, 'icon-module', 'server', '/Monitor/Server/index', NULL, 3, 1927290201865945090, TO_TIMESTAMP('2025-07-23 16:57:12.000000', 'SYYYY-MM-DD HH24:MI:SS:FF6'), 1927290201865945090, TO_TIMESTAMP('2025-07-23 16:57:12.000000', 'SYYYY-MM-DD HH24:MI:SS:FF6'), NULL);
INSERT INTO "SPECTRA"."T_SYS_MENU" VALUES (1947944189344813057, '缓存监控', 1947937225978130433, 'icon-module', 'cache', '/Monitor/Cache/index', NULL, 4, 1927290201865945090, TO_TIMESTAMP('2025-07-23 16:57:40.000000', 'SYYYY-MM-DD HH24:MI:SS:FF6'), 1927290201865945090, TO_TIMESTAMP('2025-07-23 16:57:40.000000', 'SYYYY-MM-DD HH24:MI:SS:FF6'), NULL);

-- ----------------------------
-- Table structure for t_sys_operation_log
-- ----------------------------
DROP TABLE IF EXISTS "SPECTRA"."T_SYS_OPERATION_LOG";
CREATE TABLE "SPECTRA"."T_SYS_OPERATION_LOG" (
  "ID" BIGINT NOT NULL,
  "EXPLAIN" TEXT,
  "STATUS" SMALLINT,
  "IP" VARCHAR(15),
  "METHOD" VARCHAR(255),
  "URL" VARCHAR(255),
  "ARGS" BLOB,
  "RESULT" BLOB,
  "TIME_COST" BIGINT,
  "CREATED_BY" BIGINT,
  "CREATED_AT" TIMESTAMP(6) NOT NULL,
  "UPDATED_BY" BIGINT,
  "UPDATED_AT" TIMESTAMP(6) NOT NULL,
  "DELETED" TIMESTAMP(6)
)
;
COMMENT ON COLUMN "SPECTRA"."T_SYS_OPERATION_LOG"."ID" IS '主键ID';
COMMENT ON COLUMN "SPECTRA"."T_SYS_OPERATION_LOG"."EXPLAIN" IS '日志说明';
COMMENT ON COLUMN "SPECTRA"."T_SYS_OPERATION_LOG"."STATUS" IS '请求状态';
COMMENT ON COLUMN "SPECTRA"."T_SYS_OPERATION_LOG"."IP" IS '来源IP';
COMMENT ON COLUMN "SPECTRA"."T_SYS_OPERATION_LOG"."METHOD" IS '请求方法';
COMMENT ON COLUMN "SPECTRA"."T_SYS_OPERATION_LOG"."URL" IS '请求URL';
COMMENT ON COLUMN "SPECTRA"."T_SYS_OPERATION_LOG"."ARGS" IS '请求参数';
COMMENT ON COLUMN "SPECTRA"."T_SYS_OPERATION_LOG"."RESULT" IS '请求响应';
COMMENT ON COLUMN "SPECTRA"."T_SYS_OPERATION_LOG"."TIME_COST" IS '耗时';
COMMENT ON COLUMN "SPECTRA"."T_SYS_OPERATION_LOG"."CREATED_BY" IS '创建人';
COMMENT ON COLUMN "SPECTRA"."T_SYS_OPERATION_LOG"."CREATED_AT" IS '创建时间';
COMMENT ON COLUMN "SPECTRA"."T_SYS_OPERATION_LOG"."UPDATED_BY" IS '最后更新人';
COMMENT ON COLUMN "SPECTRA"."T_SYS_OPERATION_LOG"."UPDATED_AT" IS '最后更新时间';
COMMENT ON COLUMN "SPECTRA"."T_SYS_OPERATION_LOG"."DELETED" IS '是否删除';

-- ----------------------------
-- Records of t_sys_operation_log
-- ----------------------------

-- ----------------------------
-- Table structure for t_sys_organization
-- ----------------------------
DROP TABLE IF EXISTS "SPECTRA"."T_SYS_ORGANIZATION";
CREATE TABLE "SPECTRA"."T_SYS_ORGANIZATION" (
  "ID" BIGINT NOT NULL,
  "PID" BIGINT,
  "NAME" VARCHAR(100) NOT NULL,
  "CODE" VARCHAR(100) NOT NULL,
  "TYPE" SMALLINT,
  "ADDRESS" VARCHAR(255),
  "MANAGER_ID" BIGINT,
  "REMARK" VARCHAR(255),
  "CREATED_BY" BIGINT,
  "CREATED_AT" TIMESTAMP(6) NOT NULL,
  "UPDATED_BY" BIGINT,
  "UPDATED_AT" TIMESTAMP(6) NOT NULL,
  "DELETED" TIMESTAMP(6)
)
;
COMMENT ON COLUMN "SPECTRA"."T_SYS_ORGANIZATION"."ID" IS '主键ID';
COMMENT ON COLUMN "SPECTRA"."T_SYS_ORGANIZATION"."PID" IS '上级ID';
COMMENT ON COLUMN "SPECTRA"."T_SYS_ORGANIZATION"."NAME" IS '名称';
COMMENT ON COLUMN "SPECTRA"."T_SYS_ORGANIZATION"."CODE" IS '编码';
COMMENT ON COLUMN "SPECTRA"."T_SYS_ORGANIZATION"."TYPE" IS '公司类型';
COMMENT ON COLUMN "SPECTRA"."T_SYS_ORGANIZATION"."ADDRESS" IS '注册地址';
COMMENT ON COLUMN "SPECTRA"."T_SYS_ORGANIZATION"."MANAGER_ID" IS '负责人ID';
COMMENT ON COLUMN "SPECTRA"."T_SYS_ORGANIZATION"."REMARK" IS '备注';
COMMENT ON COLUMN "SPECTRA"."T_SYS_ORGANIZATION"."CREATED_BY" IS '创建人';
COMMENT ON COLUMN "SPECTRA"."T_SYS_ORGANIZATION"."CREATED_AT" IS '创建时间';
COMMENT ON COLUMN "SPECTRA"."T_SYS_ORGANIZATION"."UPDATED_BY" IS '最后更新人';
COMMENT ON COLUMN "SPECTRA"."T_SYS_ORGANIZATION"."UPDATED_AT" IS '最后更新时间';
COMMENT ON COLUMN "SPECTRA"."T_SYS_ORGANIZATION"."DELETED" IS '是否删除';

-- ----------------------------
-- Records of t_sys_organization
-- ----------------------------
INSERT INTO "SPECTRA"."T_SYS_ORGANIZATION" VALUES (1944679712507760641, NULL, '道一科技', 'ORG_ROOT', 1, '中国', NULL, NULL, NULL, TO_TIMESTAMP('2025-07-14 16:45:49.000000', 'SYYYY-MM-DD HH24:MI:SS:FF6'), NULL, TO_TIMESTAMP('2025-07-14 16:45:49.000000', 'SYYYY-MM-DD HH24:MI:SS:FF6'), NULL);
INSERT INTO "SPECTRA"."T_SYS_ORGANIZATION" VALUES (1944693648674168833, 1944679712507760641, '西部大区', 'ORG_WEST', 2, '西部大区', NULL, '整个西部大区相关的', 1927290201865945090, TO_TIMESTAMP('2025-07-14 17:41:11.000000', 'SYYYY-MM-DD HH24:MI:SS:FF6'), 1927290201865945090, TO_TIMESTAMP('2025-08-06 10:16:53.000000', 'SYYYY-MM-DD HH24:MI:SS:FF6'), TO_TIMESTAMP('2025-08-06 10:16:53.000000', 'SYYYY-MM-DD HH24:MI:SS:FF6'));
INSERT INTO "SPECTRA"."T_SYS_ORGANIZATION" VALUES (1944694522943242242, 1944679712507760641, '东部大区', 'ORG_EAST', 2, '东部大区', NULL, '整个东部大区相关的', 1927290201865945090, TO_TIMESTAMP('2025-07-14 17:44:40.000000', 'SYYYY-MM-DD HH24:MI:SS:FF6'), 1927290201865945090, TO_TIMESTAMP('2025-07-14 17:44:40.000000', 'SYYYY-MM-DD HH24:MI:SS:FF6'), NULL);
INSERT INTO "SPECTRA"."T_SYS_ORGANIZATION" VALUES (1944694666350690306, 1944679712507760641, '云南分公司', 'ORG_YUNNAN', 2, '南部大区', NULL, '整个南部大区相关的', 1927290201865945090, TO_TIMESTAMP('2025-07-14 17:45:14.000000', 'SYYYY-MM-DD HH24:MI:SS:FF6'), 1927290201865945090, TO_TIMESTAMP('2025-08-06 10:50:58.000000', 'SYYYY-MM-DD HH24:MI:SS:FF6'), NULL);
INSERT INTO "SPECTRA"."T_SYS_ORGANIZATION" VALUES (1944694800480337921, 1944679712507760641, '贵州分公司', 'ORG_GUIZHOU', 2, NULL, NULL, NULL, 1927290201865945090, TO_TIMESTAMP('2025-07-14 17:45:46.000000', 'SYYYY-MM-DD HH24:MI:SS:FF6'), 1927290201865945090, TO_TIMESTAMP('2025-08-06 10:51:36.000000', 'SYYYY-MM-DD HH24:MI:SS:FF6'), NULL);
INSERT INTO "SPECTRA"."T_SYS_ORGANIZATION" VALUES (1944710101167226882, 1944694666350690306, '昆明分公司', 'ORG_KUNMING', 3, NULL, NULL, NULL, 1927290201865945090, TO_TIMESTAMP('2025-07-14 18:46:34.000000', 'SYYYY-MM-DD HH24:MI:SS:FF6'), 1927290201865945090, TO_TIMESTAMP('2025-08-06 10:51:53.000000', 'SYYYY-MM-DD HH24:MI:SS:FF6'), NULL);
INSERT INTO "SPECTRA"."T_SYS_ORGANIZATION" VALUES (1952914438842458114, 1944679712507760641, '四川分公司', 'ORG_SICHUAN', 2, NULL, NULL, NULL, 1927290201865945090, TO_TIMESTAMP('2025-08-06 10:07:40.000000', 'SYYYY-MM-DD HH24:MI:SS:FF6'), 1927290201865945090, TO_TIMESTAMP('2025-08-06 10:51:41.000000', 'SYYYY-MM-DD HH24:MI:SS:FF6'), NULL);
INSERT INTO "SPECTRA"."T_SYS_ORGANIZATION" VALUES (1952914668522545153, NULL, '重庆分公司', 'ORG_CHONGQING', 2, NULL, NULL, NULL, 1927290201865945090, TO_TIMESTAMP('2025-08-06 10:08:35.000000', 'SYYYY-MM-DD HH24:MI:SS:FF6'), 1927290201865945090, TO_TIMESTAMP('2025-08-06 10:18:18.000000', 'SYYYY-MM-DD HH24:MI:SS:FF6'), TO_TIMESTAMP('2025-08-06 10:18:17.000000', 'SYYYY-MM-DD HH24:MI:SS:FF6'));
INSERT INTO "SPECTRA"."T_SYS_ORGANIZATION" VALUES (1952917325207207938, NULL, '测试', '123333', 1, NULL, NULL, NULL, 1927290201865945090, TO_TIMESTAMP('2025-08-06 10:19:08.000000', 'SYYYY-MM-DD HH24:MI:SS:FF6'), 1927290201865945090, TO_TIMESTAMP('2025-08-06 10:19:12.000000', 'SYYYY-MM-DD HH24:MI:SS:FF6'), TO_TIMESTAMP('2025-08-06 10:19:11.000000', 'SYYYY-MM-DD HH24:MI:SS:FF6'));
INSERT INTO "SPECTRA"."T_SYS_ORGANIZATION" VALUES (1952917479851196417, NULL, '顶顶顶', '12333', 2, NULL, NULL, NULL, 1927290201865945090, TO_TIMESTAMP('2025-08-06 10:19:45.000000', 'SYYYY-MM-DD HH24:MI:SS:FF6'), 1927290201865945090, TO_TIMESTAMP('2025-08-06 10:19:49.000000', 'SYYYY-MM-DD HH24:MI:SS:FF6'), TO_TIMESTAMP('2025-08-06 10:19:48.000000', 'SYYYY-MM-DD HH24:MI:SS:FF6'));

-- ----------------------------
-- Table structure for t_sys_role
-- ----------------------------
DROP TABLE IF EXISTS "SPECTRA"."T_SYS_ROLE";
CREATE TABLE "SPECTRA"."T_SYS_ROLE" (
  "ID" BIGINT NOT NULL,
  "NAME" VARCHAR(100),
  "CODE" VARCHAR(100),
  "STATE" BIT DEFAULT 1,
  "SCOPE" INT,
  "REMARK" VARCHAR(255),
  "CREATED_BY" BIGINT,
  "CREATED_AT" TIMESTAMP(6) NOT NULL,
  "UPDATED_BY" BIGINT,
  "UPDATED_AT" TIMESTAMP(6) NOT NULL,
  "DELETED" TIMESTAMP(6)
)
;
COMMENT ON COLUMN "SPECTRA"."T_SYS_ROLE"."ID" IS '主键ID';
COMMENT ON COLUMN "SPECTRA"."T_SYS_ROLE"."NAME" IS '名称';
COMMENT ON COLUMN "SPECTRA"."T_SYS_ROLE"."CODE" IS '编码';
COMMENT ON COLUMN "SPECTRA"."T_SYS_ROLE"."STATE" IS '状态';
COMMENT ON COLUMN "SPECTRA"."T_SYS_ROLE"."SCOPE" IS '范围';
COMMENT ON COLUMN "SPECTRA"."T_SYS_ROLE"."REMARK" IS '备注';
COMMENT ON COLUMN "SPECTRA"."T_SYS_ROLE"."CREATED_BY" IS '创建人';
COMMENT ON COLUMN "SPECTRA"."T_SYS_ROLE"."CREATED_AT" IS '创建时间';
COMMENT ON COLUMN "SPECTRA"."T_SYS_ROLE"."UPDATED_BY" IS '最后更新人';
COMMENT ON COLUMN "SPECTRA"."T_SYS_ROLE"."UPDATED_AT" IS '最后更新时间';
COMMENT ON COLUMN "SPECTRA"."T_SYS_ROLE"."DELETED" IS '是否删除';
COMMENT ON TABLE "SPECTRA"."T_SYS_ROLE" IS '角色表';

-- ----------------------------
-- Records of t_sys_role
-- ----------------------------
INSERT INTO "SPECTRA"."T_SYS_ROLE" VALUES (1932682189593350146, '运维管理员', 'DEV_ADMIN', '1', 2, '运维人员使用,全局范围,拥有所有权限', 1927290201865945090, TO_TIMESTAMP('2025-06-11 14:11:56.000000', 'SYYYY-MM-DD HH24:MI:SS:FF6'), 1927290201865945090, TO_TIMESTAMP('2025-08-06 11:07:05.000000', 'SYYYY-MM-DD HH24:MI:SS:FF6'), NULL);
INSERT INTO "SPECTRA"."T_SYS_ROLE" VALUES (1932685785802162178, '系统管理员', 't_sys_ADMIN', '1', 0, '系统管理员,管理整个系统的,但是看不到系统运维相关的一些内容', 1927290201865945090, TO_TIMESTAMP('2025-06-11 14:26:14.000000', 'SYYYY-MM-DD HH24:MI:SS:FF6'), 1927290201865945090, TO_TIMESTAMP('2025-06-11 14:26:14.000000', 'SYYYY-MM-DD HH24:MI:SS:FF6'), NULL);
INSERT INTO "SPECTRA"."T_SYS_ROLE" VALUES (1932687324356775938, '小组长', 'GROUP_LEADER', '0', 1, '测试禁用状态', 1927290201865945090, TO_TIMESTAMP('2025-06-11 14:32:20.000000', 'SYYYY-MM-DD HH24:MI:SS:FF6'), 1927290201865945090, TO_TIMESTAMP('2025-07-29 14:02:26.000000', 'SYYYY-MM-DD HH24:MI:SS:FF6'), NULL);

-- ----------------------------
-- Table structure for t_sys_role_authority_map
-- ----------------------------
DROP TABLE IF EXISTS "SPECTRA"."T_SYS_ROLE_AUTHORITY_MAP";
CREATE TABLE "SPECTRA"."T_SYS_ROLE_AUTHORITY_MAP" (
  "ID" BIGINT NOT NULL,
  "ROLE_ID" BIGINT NOT NULL,
  "AUTHORITY_ID" BIGINT NOT NULL,
  "CREATED_BY" BIGINT,
  "CREATED_AT" TIMESTAMP(6),
  "UPDATED_BY" BIGINT,
  "UPDATED_AT" TIMESTAMP(6),
  "DELETED" TIMESTAMP(6)
)
;
COMMENT ON COLUMN "SPECTRA"."T_SYS_ROLE_AUTHORITY_MAP"."ID" IS '主键ID';
COMMENT ON COLUMN "SPECTRA"."T_SYS_ROLE_AUTHORITY_MAP"."ROLE_ID" IS '角色ID';
COMMENT ON COLUMN "SPECTRA"."T_SYS_ROLE_AUTHORITY_MAP"."AUTHORITY_ID" IS '权限ID';
COMMENT ON COLUMN "SPECTRA"."T_SYS_ROLE_AUTHORITY_MAP"."CREATED_BY" IS '创建人';
COMMENT ON COLUMN "SPECTRA"."T_SYS_ROLE_AUTHORITY_MAP"."CREATED_AT" IS '创建时间';
COMMENT ON COLUMN "SPECTRA"."T_SYS_ROLE_AUTHORITY_MAP"."UPDATED_BY" IS '最后更新人';
COMMENT ON COLUMN "SPECTRA"."T_SYS_ROLE_AUTHORITY_MAP"."UPDATED_AT" IS '最后更新时间';
COMMENT ON COLUMN "SPECTRA"."T_SYS_ROLE_AUTHORITY_MAP"."DELETED" IS '是否删除';
COMMENT ON TABLE "SPECTRA"."T_SYS_ROLE_AUTHORITY_MAP" IS '权限表<->角色';

-- ----------------------------
-- Records of t_sys_role_authority_map
-- ----------------------------

-- ----------------------------
-- Table structure for t_sys_user
-- ----------------------------
DROP TABLE IF EXISTS "SPECTRA"."T_SYS_USER";
CREATE TABLE "SPECTRA"."T_SYS_USER" (
  "ID" BIGINT NOT NULL,
  "NAME" VARCHAR(100),
  "EMAIL" VARCHAR(100),
  "AVATAR" VARCHAR(100),
  "STATE" BIT DEFAULT 0,
  "ORGANIZATION_ID" BIGINT,
  "CREATED_BY" BIGINT,
  "CREATED_AT" TIMESTAMP(6),
  "UPDATED_BY" BIGINT,
  "UPDATED_AT" TIMESTAMP(6),
  "DELETED" TIMESTAMP(6)
)
;
COMMENT ON COLUMN "SPECTRA"."T_SYS_USER"."ID" IS '主键ID';
COMMENT ON COLUMN "SPECTRA"."T_SYS_USER"."NAME" IS '姓名';
COMMENT ON COLUMN "SPECTRA"."T_SYS_USER"."EMAIL" IS '邮箱';
COMMENT ON COLUMN "SPECTRA"."T_SYS_USER"."AVATAR" IS '头像';
COMMENT ON COLUMN "SPECTRA"."T_SYS_USER"."STATE" IS '状态';
COMMENT ON COLUMN "SPECTRA"."T_SYS_USER"."ORGANIZATION_ID" IS '所属组织机构ID';
COMMENT ON COLUMN "SPECTRA"."T_SYS_USER"."CREATED_BY" IS '创建人';
COMMENT ON COLUMN "SPECTRA"."T_SYS_USER"."CREATED_AT" IS '创建时间';
COMMENT ON COLUMN "SPECTRA"."T_SYS_USER"."UPDATED_BY" IS '最后更新人';
COMMENT ON COLUMN "SPECTRA"."T_SYS_USER"."UPDATED_AT" IS '最后更新时间';
COMMENT ON COLUMN "SPECTRA"."T_SYS_USER"."DELETED" IS '是否删除';
COMMENT ON TABLE "SPECTRA"."T_SYS_USER" IS '用户信息';

-- ----------------------------
-- Records of t_sys_user
-- ----------------------------
INSERT INTO "SPECTRA"."T_SYS_USER" VALUES (1934276682383138817, '平台管理员', 'yangxj96@gmail.com', NULL, '0', 1944679712507760641, NULL, TO_TIMESTAMP('2025-06-15 23:47:53.000000', 'SYYYY-MM-DD HH24:MI:SS:FF6'), 1927290201865945090, TO_TIMESTAMP('2025-06-24 11:37:14.000000', 'SYYYY-MM-DD HH24:MI:SS:FF6'), NULL);
INSERT INTO "SPECTRA"."T_SYS_USER" VALUES (1937354420709711873, '超级管理员', 'sysadmin@1.com', NULL, '0', 1944679712507760641, 1927290201865945090, TO_TIMESTAMP('2025-06-24 11:37:43.000000', 'SYYYY-MM-DD HH24:MI:SS:FF6'), 1927290201865945090, TO_TIMESTAMP('2025-08-05 11:34:59.000000', 'SYYYY-MM-DD HH24:MI:SS:FF6'), NULL);
INSERT INTO "SPECTRA"."T_SYS_USER" VALUES (1937706586813169665, '测试用户', 'ceshi@1.com', NULL, '1', 1944679712507760641, 1927290201865945090, TO_TIMESTAMP('2025-06-25 10:57:06.000000', 'SYYYY-MM-DD HH24:MI:SS:FF6'), 1927290201865945090, TO_TIMESTAMP('2025-08-06 11:09:47.000000', 'SYYYY-MM-DD HH24:MI:SS:FF6'), NULL);

-- ----------------------------
-- Table structure for t_sys_user_role_map
-- ----------------------------
DROP TABLE IF EXISTS "SPECTRA"."T_SYS_USER_ROLE_MAP";
CREATE TABLE "SPECTRA"."T_SYS_USER_ROLE_MAP" (
  "ID" BIGINT NOT NULL,
  "USER_ID" BIGINT NOT NULL,
  "ROLE_ID" BIGINT NOT NULL,
  "CREATED_BY" BIGINT,
  "CREATED_AT" TIMESTAMP(6),
  "UPDATED_BY" BIGINT,
  "UPDATED_AT" TIMESTAMP(6),
  "DELETED" TIMESTAMP(6)
)
;
COMMENT ON COLUMN "SPECTRA"."T_SYS_USER_ROLE_MAP"."ID" IS '主键ID';
COMMENT ON COLUMN "SPECTRA"."T_SYS_USER_ROLE_MAP"."USER_ID" IS '用户ID';
COMMENT ON COLUMN "SPECTRA"."T_SYS_USER_ROLE_MAP"."ROLE_ID" IS '角色ID';
COMMENT ON COLUMN "SPECTRA"."T_SYS_USER_ROLE_MAP"."CREATED_BY" IS '创建人';
COMMENT ON COLUMN "SPECTRA"."T_SYS_USER_ROLE_MAP"."CREATED_AT" IS '创建时间';
COMMENT ON COLUMN "SPECTRA"."T_SYS_USER_ROLE_MAP"."UPDATED_BY" IS '最后更新人';
COMMENT ON COLUMN "SPECTRA"."T_SYS_USER_ROLE_MAP"."UPDATED_AT" IS '最后更新时间';
COMMENT ON COLUMN "SPECTRA"."T_SYS_USER_ROLE_MAP"."DELETED" IS '是否删除';
COMMENT ON TABLE "SPECTRA"."T_SYS_USER_ROLE_MAP" IS '角色表<->账户';

-- ----------------------------
-- Records of t_sys_user_role_map
-- ----------------------------
INSERT INTO "SPECTRA"."T_SYS_USER_ROLE_MAP" VALUES (1934292480493473793, 1934276682383138817, 1932682189593350146, NULL, TO_TIMESTAMP('2025-06-16 00:50:39.000000', 'SYYYY-MM-DD HH24:MI:SS:FF6'), NULL, TO_TIMESTAMP('2025-06-16 00:50:39.000000', 'SYYYY-MM-DD HH24:MI:SS:FF6'), NULL);
INSERT INTO "SPECTRA"."T_SYS_USER_ROLE_MAP" VALUES (1937354421099782147, 1937354420709711873, 1932685785802162178, NULL, TO_TIMESTAMP('2025-06-24 11:37:43.000000', 'SYYYY-MM-DD HH24:MI:SS:FF6'), NULL, TO_TIMESTAMP('2025-06-24 11:37:43.000000', 'SYYYY-MM-DD HH24:MI:SS:FF6'), NULL);
INSERT INTO "SPECTRA"."T_SYS_USER_ROLE_MAP" VALUES (1937706587291320321, 1937706586813169665, 1932687324356775938, NULL, TO_TIMESTAMP('2025-06-25 10:57:06.000000', 'SYYYY-MM-DD HH24:MI:SS:FF6'), NULL, TO_TIMESTAMP('2025-06-25 10:57:06.000000', 'SYYYY-MM-DD HH24:MI:SS:FF6'), NULL);

-- ----------------------------
-- Primary Key structure for table t_sys_account
-- ----------------------------
ALTER TABLE "SPECTRA"."T_SYS_ACCOUNT" ADD PRIMARY KEY ("ID");

-- ----------------------------
-- Primary Key structure for table t_sys_authority
-- ----------------------------
ALTER TABLE "SPECTRA"."T_SYS_AUTHORITY" ADD PRIMARY KEY ("ID");

-- ----------------------------
-- Primary Key structure for table t_sys_dict_data
-- ----------------------------
ALTER TABLE "SPECTRA"."T_SYS_DICT_DATA" ADD PRIMARY KEY ("ID");

-- ----------------------------
-- Primary Key structure for table t_sys_dict_group
-- ----------------------------
ALTER TABLE "SPECTRA"."T_SYS_DICT_GROUP" ADD PRIMARY KEY ("ID");

-- ----------------------------
-- Primary Key structure for table t_sys_menu
-- ----------------------------
ALTER TABLE "SPECTRA"."T_SYS_MENU" ADD PRIMARY KEY ("ID");

-- ----------------------------
-- Primary Key structure for table t_sys_operation_log
-- ----------------------------
ALTER TABLE "SPECTRA"."T_SYS_OPERATION_LOG" ADD PRIMARY KEY ("ID");

-- ----------------------------
-- Primary Key structure for table t_sys_organization
-- ----------------------------
ALTER TABLE "SPECTRA"."T_SYS_ORGANIZATION" ADD PRIMARY KEY ("ID");

-- ----------------------------
-- Primary Key structure for table t_sys_role
-- ----------------------------
ALTER TABLE "SPECTRA"."T_SYS_ROLE" ADD PRIMARY KEY ("ID");

-- ----------------------------
-- Primary Key structure for table t_sys_role_authority_map
-- ----------------------------
ALTER TABLE "SPECTRA"."T_SYS_ROLE_AUTHORITY_MAP" ADD PRIMARY KEY ("ID");

-- ----------------------------
-- Primary Key structure for table t_sys_user
-- ----------------------------
ALTER TABLE "SPECTRA"."T_SYS_USER" ADD PRIMARY KEY ("ID");

-- ----------------------------
-- Primary Key structure for table t_sys_user_role_map
-- ----------------------------
ALTER TABLE "SPECTRA"."T_SYS_USER_ROLE_MAP" ADD PRIMARY KEY ("ID");
