-- ----------------------------
-- Table structure for t_sys_account
-- ----------------------------
DROP TABLE IF EXISTS "SPECTRA"."t_sys_account";
CREATE TABLE "SPECTRA"."t_sys_account" (
  "id" BIGINT NOT NULL,
  "username" VARCHAR(20) NOT NULL,
  "password" VARCHAR(60) NOT NULL,
  "user_id" BIGINT NOT NULL,
  "type" INT NOT NULL,
  "created_by" BIGINT,
  "created_at" TIMESTAMP(6) NOT NULL,
  "updated_by" BIGINT,
  "updated_at" TIMESTAMP(6) NOT NULL,
  "deleted" TIMESTAMP(6)
)
;
COMMENT ON COLUMN "SPECTRA"."t_sys_account"."id" IS '主键ID';
COMMENT ON COLUMN "SPECTRA"."t_sys_account"."username" IS '用户名';
COMMENT ON COLUMN "SPECTRA"."t_sys_account"."password" IS '密码';
COMMENT ON COLUMN "SPECTRA"."t_sys_account"."user_id" IS '用户ID';
COMMENT ON COLUMN "SPECTRA"."t_sys_account"."type" IS '账号类型';
COMMENT ON COLUMN "SPECTRA"."t_sys_account"."created_by" IS '创建人';
COMMENT ON COLUMN "SPECTRA"."t_sys_account"."created_at" IS '创建时间';
COMMENT ON COLUMN "SPECTRA"."t_sys_account"."updated_by" IS '最后更新人';
COMMENT ON COLUMN "SPECTRA"."t_sys_account"."updated_at" IS '最后更新时间';
COMMENT ON COLUMN "SPECTRA"."t_sys_account"."deleted" IS '删除时间';
COMMENT ON TABLE "SPECTRA"."t_sys_account" IS '账号表';

-- ----------------------------
-- Records of t_sys_account
-- ----------------------------
INSERT INTO "SPECTRA"."t_sys_account" VALUES (1927290201865945090, 'yangxj96@gmail.com', '$2a$10$ALzuYNgOSYLlJg/XsxUY7O4BKeqECHf5J7bY8eGPaQK.3VSlkFTaO', 1934276682383138817, 0, NULL, TO_TIMESTAMP('2025-06-24 11:37:43.000000', 'SYYYY-MM-DD HH24:MI:SS:FF6'), 1927290201865945090, TO_TIMESTAMP('2025-06-24 11:37:14.000000', 'SYYYY-MM-DD HH24:MI:SS:FF6'), NULL);
INSERT INTO "SPECTRA"."t_sys_account" VALUES (1937354421099782146, 'sysadmin@1.com', '$2a$10$zQSrfeQHvHw022UFUOoJwe5oHdOAWcaZr8d2owbbCwAgWqOSjVFVa', 1937354420709711873, 0, 1927290201865945090, TO_TIMESTAMP('2025-06-24 11:37:43.000000', 'SYYYY-MM-DD HH24:MI:SS:FF6'), 1927290201865945090, TO_TIMESTAMP('2025-06-24 11:37:43.000000', 'SYYYY-MM-DD HH24:MI:SS:FF6'), NULL);
INSERT INTO "SPECTRA"."t_sys_account" VALUES (1937706587203239938, 'ceshi@1.com', '$2a$10$UhexxdMYdvPFokOuBO2va.hG4mxzjvXRGufSmnLtRYJrirY8Bw4km', 1937706586813169665, 0, 1927290201865945090, TO_TIMESTAMP('2025-06-25 10:57:06.000000', 'SYYYY-MM-DD HH24:MI:SS:FF6'), 1927290201865945090, TO_TIMESTAMP('2025-06-25 10:57:06.000000', 'SYYYY-MM-DD HH24:MI:SS:FF6'), NULL);

-- ----------------------------
-- Table structure for t_sys_authority
-- ----------------------------
DROP TABLE IF EXISTS "SPECTRA"."t_sys_authority";
CREATE TABLE "SPECTRA"."t_sys_authority" (
  "id" BIGINT NOT NULL,
  "pid" BIGINT,
  "name" VARCHAR(100) NOT NULL,
  "code" VARCHAR(100) NOT NULL,
  "created_by" BIGINT,
  "created_at" TIMESTAMP(6) NOT NULL,
  "updated_by" BIGINT,
  "updated_at" TIMESTAMP(6) NOT NULL,
  "deleted" TIMESTAMP(6)
)
;
COMMENT ON COLUMN "SPECTRA"."t_sys_authority"."id" IS '主键ID';
COMMENT ON COLUMN "SPECTRA"."t_sys_authority"."pid" IS '父级ID,用于构建树形结构';
COMMENT ON COLUMN "SPECTRA"."t_sys_authority"."name" IS '权限名称';
COMMENT ON COLUMN "SPECTRA"."t_sys_authority"."code" IS '权限编码';
COMMENT ON COLUMN "SPECTRA"."t_sys_authority"."created_by" IS '创建人';
COMMENT ON COLUMN "SPECTRA"."t_sys_authority"."created_at" IS '创建时间';
COMMENT ON COLUMN "SPECTRA"."t_sys_authority"."updated_by" IS '最后更新人';
COMMENT ON COLUMN "SPECTRA"."t_sys_authority"."updated_at" IS '最后更新时间';
COMMENT ON COLUMN "SPECTRA"."t_sys_authority"."deleted" IS '是否删除';
COMMENT ON TABLE "SPECTRA"."t_sys_authority" IS '权限表';

-- ----------------------------
-- Records of t_sys_authority
-- ----------------------------
INSERT INTO "SPECTRA"."t_sys_authority" VALUES (1943513441539891202, NULL, '字典权限', 'MENU:*', NULL, TO_TIMESTAMP('2025-07-11 11:31:28.000000', 'SYYYY-MM-DD HH24:MI:SS:FF6'), NULL, TO_TIMESTAMP('2025-07-11 11:31:28.000000', 'SYYYY-MM-DD HH24:MI:SS:FF6'), NULL);
INSERT INTO "SPECTRA"."t_sys_authority" VALUES (1943513442269700097, 1943513441539891202, '字典新增', 'MENU:INSERT', NULL, TO_TIMESTAMP('2025-07-11 11:31:28.000000', 'SYYYY-MM-DD HH24:MI:SS:FF6'), NULL, TO_TIMESTAMP('2025-07-11 11:31:28.000000', 'SYYYY-MM-DD HH24:MI:SS:FF6'), NULL);
INSERT INTO "SPECTRA"."t_sys_authority" VALUES (1943513442269700098, 1943513441539891202, '字典修改', 'MENU:UPDATE', NULL, TO_TIMESTAMP('2025-07-11 11:31:28.000000', 'SYYYY-MM-DD HH24:MI:SS:FF6'), NULL, TO_TIMESTAMP('2025-07-11 11:31:28.000000', 'SYYYY-MM-DD HH24:MI:SS:FF6'), NULL);
INSERT INTO "SPECTRA"."t_sys_authority" VALUES (1943513442269700099, 1943513441539891202, '字典删除', 'MENU:DELETE', NULL, TO_TIMESTAMP('2025-07-11 11:31:28.000000', 'SYYYY-MM-DD HH24:MI:SS:FF6'), NULL, TO_TIMESTAMP('2025-07-11 11:31:28.000000', 'SYYYY-MM-DD HH24:MI:SS:FF6'), NULL);

-- ----------------------------
-- Table structure for t_sys_dict_data
-- ----------------------------
DROP TABLE IF EXISTS "SPECTRA"."t_sys_dict_data";
CREATE TABLE "SPECTRA"."t_sys_dict_data" (
  "id" BIGINT NOT NULL,
  "gid" BIGINT NOT NULL,
  "label" VARCHAR(100) NOT NULL,
  "value" VARCHAR(100) NOT NULL,
  "sort" SMALLINT DEFAULT 0 NOT NULL,
  "state" SMALLINT NOT NULL,
  "remark" VARCHAR(255),
  "created_by" BIGINT,
  "created_at" TIMESTAMP(6) NOT NULL,
  "updated_by" BIGINT,
  "updated_at" TIMESTAMP(6) NOT NULL,
  "deleted" TIMESTAMP(6)
)
;
COMMENT ON COLUMN "SPECTRA"."t_sys_dict_data"."id" IS '主键ID';
COMMENT ON COLUMN "SPECTRA"."t_sys_dict_data"."gid" IS '字典组ID';
COMMENT ON COLUMN "SPECTRA"."t_sys_dict_data"."label" IS '标签';
COMMENT ON COLUMN "SPECTRA"."t_sys_dict_data"."value" IS '值';
COMMENT ON COLUMN "SPECTRA"."t_sys_dict_data"."sort" IS '排序';
COMMENT ON COLUMN "SPECTRA"."t_sys_dict_data"."state" IS '状态';
COMMENT ON COLUMN "SPECTRA"."t_sys_dict_data"."remark" IS '备注';
COMMENT ON COLUMN "SPECTRA"."t_sys_dict_data"."created_by" IS '创建人';
COMMENT ON COLUMN "SPECTRA"."t_sys_dict_data"."created_at" IS '创建时间';
COMMENT ON COLUMN "SPECTRA"."t_sys_dict_data"."updated_by" IS '最后更新人';
COMMENT ON COLUMN "SPECTRA"."t_sys_dict_data"."updated_at" IS '最后更新时间';
COMMENT ON COLUMN "SPECTRA"."t_sys_dict_data"."deleted" IS '是否删除';

-- ----------------------------
-- Records of t_sys_dict_data
-- ----------------------------
INSERT INTO "SPECTRA"."t_sys_dict_data" VALUES (1942142254075305986, 1942142182856024066, '全局', '0', 999, 0, '全局范围可查询', 1927290201865945090, TO_TIMESTAMP('2025-07-07 16:42:51.000000', 'SYYYY-MM-DD HH24:MI:SS:FF6'), 1927290201865945090, TO_TIMESTAMP('2025-07-07 16:42:51.000000', 'SYYYY-MM-DD HH24:MI:SS:FF6'), NULL);
INSERT INTO "SPECTRA"."t_sys_dict_data" VALUES (1942142354801516546, 1942142182856024066, '本级', '1', 999, 0, '可以查询当前所属的组织机构+部门本级别的内容', 1927290201865945090, TO_TIMESTAMP('2025-07-07 16:43:15.000000', 'SYYYY-MM-DD HH24:MI:SS:FF6'), 1927290201865945090, TO_TIMESTAMP('2025-07-07 16:43:15.000000', 'SYYYY-MM-DD HH24:MI:SS:FF6'), NULL);
INSERT INTO "SPECTRA"."t_sys_dict_data" VALUES (1942142489367371777, 1942142182856024066, '本级包含下级', '2', 999, 0, '可以查询当前组织机构+部门,包含子级组织机构+部门的数据', 1927290201865945090, TO_TIMESTAMP('2025-07-07 16:43:47.000000', 'SYYYY-MM-DD HH24:MI:SS:FF6'), 1927290201865945090, TO_TIMESTAMP('2025-07-07 16:43:47.000000', 'SYYYY-MM-DD HH24:MI:SS:FF6'), NULL);
INSERT INTO "SPECTRA"."t_sys_dict_data" VALUES (1942143228055609345, 1942142790749085698, '正常', '0', 999, 0, '正常', 1927290201865945090, TO_TIMESTAMP('2025-07-07 16:46:44.000000', 'SYYYY-MM-DD HH24:MI:SS:FF6'), 1927290201865945090, TO_TIMESTAMP('2025-07-07 16:46:44.000000', 'SYYYY-MM-DD HH24:MI:SS:FF6'), NULL);
INSERT INTO "SPECTRA"."t_sys_dict_data" VALUES (1942143271655399425, 1942142790749085698, '冻结', '1', 999, 0, '冻结', 1927290201865945090, TO_TIMESTAMP('2025-07-07 16:46:54.000000', 'SYYYY-MM-DD HH24:MI:SS:FF6'), 1927290201865945090, TO_TIMESTAMP('2025-07-07 16:46:54.000000', 'SYYYY-MM-DD HH24:MI:SS:FF6'), NULL);
INSERT INTO "SPECTRA"."t_sys_dict_data" VALUES (1942143325908721665, 1942142790749085698, '封禁', '2', 999, 0, '封禁', 1927290201865945090, TO_TIMESTAMP('2025-07-07 16:47:07.000000', 'SYYYY-MM-DD HH24:MI:SS:FF6'), 1927290201865945090, TO_TIMESTAMP('2025-07-07 16:47:07.000000', 'SYYYY-MM-DD HH24:MI:SS:FF6'), NULL);
INSERT INTO "SPECTRA"."t_sys_dict_data" VALUES (1942143658663829506, 1942143605777850369, '启用', '0', 999, 0, '启用', 1927290201865945090, TO_TIMESTAMP('2025-07-07 16:48:26.000000', 'SYYYY-MM-DD HH24:MI:SS:FF6'), 1927290201865945090, TO_TIMESTAMP('2025-07-07 16:48:26.000000', 'SYYYY-MM-DD HH24:MI:SS:FF6'), NULL);
INSERT INTO "SPECTRA"."t_sys_dict_data" VALUES (1942143694822924289, 1942143605777850369, '禁用', '1', 999, 0, '禁用', 1927290201865945090, TO_TIMESTAMP('2025-07-07 16:48:35.000000', 'SYYYY-MM-DD HH24:MI:SS:FF6'), 1927290201865945090, TO_TIMESTAMP('2025-07-07 16:48:35.000000', 'SYYYY-MM-DD HH24:MI:SS:FF6'), NULL);
INSERT INTO "SPECTRA"."t_sys_dict_data" VALUES (1942151875150163969, 1942151722745933825, '邮箱登录', '0', 999, 0, '邮箱登录', 1927290201865945090, TO_TIMESTAMP('2025-07-07 17:21:05.000000', 'SYYYY-MM-DD HH24:MI:SS:FF6'), 1927290201865945090, TO_TIMESTAMP('2025-07-07 17:21:05.000000', 'SYYYY-MM-DD HH24:MI:SS:FF6'), NULL);
INSERT INTO "SPECTRA"."t_sys_dict_data" VALUES (1942151904090861570, 1942151722745933825, '手机号码', '1', 999, 0, '手机号码', 1927290201865945090, TO_TIMESTAMP('2025-07-07 17:21:12.000000', 'SYYYY-MM-DD HH24:MI:SS:FF6'), 1927290201865945090, TO_TIMESTAMP('2025-07-07 17:21:12.000000', 'SYYYY-MM-DD HH24:MI:SS:FF6'), NULL);
INSERT INTO "SPECTRA"."t_sys_dict_data" VALUES (1942151942581989377, 1942151722745933825, '微信登录', '2', 999, 0, '微信登录', 1927290201865945090, TO_TIMESTAMP('2025-07-07 17:21:21.000000', 'SYYYY-MM-DD HH24:MI:SS:FF6'), 1927290201865945090, TO_TIMESTAMP('2025-07-07 17:21:21.000000', 'SYYYY-MM-DD HH24:MI:SS:FF6'), NULL);
INSERT INTO "SPECTRA"."t_sys_dict_data" VALUES (1942506181581787138, 1942429096108576770, '业务测试_V_1', 'yw_test_v_1', 1, 0, NULL, 1927290201865945090, TO_TIMESTAMP('2025-07-08 16:48:58.000000', 'SYYYY-MM-DD HH24:MI:SS:FF6'), 1927290201865945090, TO_TIMESTAMP('2025-07-08 16:48:58.000000', 'SYYYY-MM-DD HH24:MI:SS:FF6'), NULL);
INSERT INTO "SPECTRA"."t_sys_dict_data" VALUES (1942506793794981889, 1942429096108576770, '业务测试_V_2', 'yw_test_v_2', 1, 1, NULL, 1927290201865945090, TO_TIMESTAMP('2025-07-08 16:51:24.000000', 'SYYYY-MM-DD HH24:MI:SS:FF6'), 1927290201865945090, TO_TIMESTAMP('2025-07-11 10:15:42.000000', 'SYYYY-MM-DD HH24:MI:SS:FF6'), NULL);
INSERT INTO "SPECTRA"."t_sys_dict_data" VALUES (1944677811678519297, 1944677668501757953, '集团总部', '1', 1, 0, NULL, 1927290201865945090, TO_TIMESTAMP('2025-07-14 16:38:15.000000', 'SYYYY-MM-DD HH24:MI:SS:FF6'), 1927290201865945090, TO_TIMESTAMP('2025-08-05 11:30:17.000000', 'SYYYY-MM-DD HH24:MI:SS:FF6'), NULL);
INSERT INTO "SPECTRA"."t_sys_dict_data" VALUES (1944677899893121026, 1944677668501757953, '省级公司', '2', 2, 0, NULL, 1927290201865945090, TO_TIMESTAMP('2025-07-14 16:38:36.000000', 'SYYYY-MM-DD HH24:MI:SS:FF6'), 1927290201865945090, TO_TIMESTAMP('2025-08-05 11:34:06.000000', 'SYYYY-MM-DD HH24:MI:SS:FF6'), NULL);
INSERT INTO "SPECTRA"."t_sys_dict_data" VALUES (1944677967375278082, 1944677668501757953, '市级公司', '3', 3, 0, NULL, 1927290201865945090, TO_TIMESTAMP('2025-07-14 16:38:52.000000', 'SYYYY-MM-DD HH24:MI:SS:FF6'), 1927290201865945090, TO_TIMESTAMP('2025-08-05 11:30:29.000000', 'SYYYY-MM-DD HH24:MI:SS:FF6'), NULL);
INSERT INTO "SPECTRA"."t_sys_dict_data" VALUES (1944678003773448194, 1944677668501757953, '部门', '5', 5, 0, NULL, 1927290201865945090, TO_TIMESTAMP('2025-07-14 16:39:01.000000', 'SYYYY-MM-DD HH24:MI:SS:FF6'), 1927290201865945090, TO_TIMESTAMP('2025-08-05 11:30:47.000000', 'SYYYY-MM-DD HH24:MI:SS:FF6'), NULL);
INSERT INTO "SPECTRA"."t_sys_dict_data" VALUES (1944678052813250561, 1944677668501757953, '科室/小组', '6', 6, 0, NULL, 1927290201865945090, TO_TIMESTAMP('2025-07-14 16:39:13.000000', 'SYYYY-MM-DD HH24:MI:SS:FF6'), 1927290201865945090, TO_TIMESTAMP('2025-08-05 11:30:52.000000', 'SYYYY-MM-DD HH24:MI:SS:FF6'), NULL);
INSERT INTO "SPECTRA"."t_sys_dict_data" VALUES (1952572801645711361, 1944677668501757953, '县级公司', '4', 4, 0, NULL, 1927290201865945090, TO_TIMESTAMP('2025-08-05 11:30:08.000000', 'SYYYY-MM-DD HH24:MI:SS:FF6'), 1927290201865945090, TO_TIMESTAMP('2025-08-05 11:34:01.000000', 'SYYYY-MM-DD HH24:MI:SS:FF6'), NULL);
INSERT INTO "SPECTRA"."t_sys_dict_data" VALUES (1952928284525182977, 1942429096108576770, '业务测试V3', 'yw_test_v_3', 999, 0, NULL, 1927290201865945090, TO_TIMESTAMP('2025-08-06 11:02:41.000000', 'SYYYY-MM-DD HH24:MI:SS:FF6'), 1927290201865945090, TO_TIMESTAMP('2025-08-06 11:02:41.000000', 'SYYYY-MM-DD HH24:MI:SS:FF6'), NULL);

-- ----------------------------
-- Table structure for t_sys_dict_group
-- ----------------------------
DROP TABLE IF EXISTS "SPECTRA"."t_sys_dict_group";
CREATE TABLE "SPECTRA"."t_sys_dict_group" (
  "id" BIGINT NOT NULL,
  "pid" BIGINT,
  "name" VARCHAR(100) NOT NULL,
  "code" VARCHAR(100) NOT NULL,
  "state" SMALLINT NOT NULL,
  "remark" VARCHAR(255),
  "builtin" BIT DEFAULT 0 NOT NULL,
  "hide" BIT DEFAULT 0 NOT NULL,
  "created_by" BIGINT,
  "created_at" TIMESTAMP(6) NOT NULL,
  "updated_by" BIGINT,
  "updated_at" TIMESTAMP(6) NOT NULL,
  "deleted" TIMESTAMP(6)
)
;
COMMENT ON COLUMN "SPECTRA"."t_sys_dict_group"."id" IS '主键ID';
COMMENT ON COLUMN "SPECTRA"."t_sys_dict_group"."pid" IS '父级ID';
COMMENT ON COLUMN "SPECTRA"."t_sys_dict_group"."name" IS '字典名称';
COMMENT ON COLUMN "SPECTRA"."t_sys_dict_group"."code" IS '字典编码';
COMMENT ON COLUMN "SPECTRA"."t_sys_dict_group"."state" IS '字典状态';
COMMENT ON COLUMN "SPECTRA"."t_sys_dict_group"."remark" IS '备注';
COMMENT ON COLUMN "SPECTRA"."t_sys_dict_group"."builtin" IS '是否内置字段,为true则不允许他进行修改删除操作';
COMMENT ON COLUMN "SPECTRA"."t_sys_dict_group"."hide" IS '是否隐藏,为true则前端不可直接进行修改删除等操作';
COMMENT ON COLUMN "SPECTRA"."t_sys_dict_group"."created_by" IS '创建人';
COMMENT ON COLUMN "SPECTRA"."t_sys_dict_group"."created_at" IS '创建时间';
COMMENT ON COLUMN "SPECTRA"."t_sys_dict_group"."updated_by" IS '最后更新人';
COMMENT ON COLUMN "SPECTRA"."t_sys_dict_group"."updated_at" IS '最后更新时间';
COMMENT ON COLUMN "SPECTRA"."t_sys_dict_group"."deleted" IS '是否删除';

-- ----------------------------
-- Records of t_sys_dict_group
-- ----------------------------
INSERT INTO "SPECTRA"."t_sys_dict_group" VALUES (1942142182856024066, 1942142921347129346, '权限范围', 't_sys_power_scope', 0, '系统权限范围', '1', '0', 1927290201865945090, TO_TIMESTAMP('2025-07-07 16:42:34.000000', 'SYYYY-MM-DD HH24:MI:SS:FF6'), 1927290201865945090, TO_TIMESTAMP('2025-07-07 16:42:34.000000', 'SYYYY-MM-DD HH24:MI:SS:FF6'), NULL);
INSERT INTO "SPECTRA"."t_sys_dict_group" VALUES (1942142790749085698, 1942142921347129346, '用户状态', 't_sys_user_state', 0, '用户状态', '1', '0', 1927290201865945090, TO_TIMESTAMP('2025-07-07 16:44:59.000000', 'SYYYY-MM-DD HH24:MI:SS:FF6'), 1927290201865945090, TO_TIMESTAMP('2025-07-07 16:44:59.000000', 'SYYYY-MM-DD HH24:MI:SS:FF6'), NULL);
INSERT INTO "SPECTRA"."t_sys_dict_group" VALUES (1942142921347129346, NULL, '系统配置', 'sys', 0, '系统配置相关的字典组.基本为内置不可修改的字典组', '1', '0', 1927290201865945090, TO_TIMESTAMP('2025-07-07 16:45:30.000000', 'SYYYY-MM-DD HH24:MI:SS:FF6'), 1927290201865945090, TO_TIMESTAMP('2025-07-07 16:45:30.000000', 'SYYYY-MM-DD HH24:MI:SS:FF6'), NULL);
INSERT INTO "SPECTRA"."t_sys_dict_group" VALUES (1942143605777850369, 1942142921347129346, '通用状态', 't_sys_common_state', 0, '通用状态', '1', '0', 1927290201865945090, TO_TIMESTAMP('2025-07-07 16:48:14.000000', 'SYYYY-MM-DD HH24:MI:SS:FF6'), 1927290201865945090, TO_TIMESTAMP('2025-07-07 16:48:14.000000', 'SYYYY-MM-DD HH24:MI:SS:FF6'), NULL);
INSERT INTO "SPECTRA"."t_sys_dict_group" VALUES (1942150470595194881, NULL, '业务配置', 'business', 0, '业务部分需要的配置', '0', '0', 1927290201865945090, TO_TIMESTAMP('2025-07-07 17:15:30.000000', 'SYYYY-MM-DD HH24:MI:SS:FF6'), 1927290201865945090, TO_TIMESTAMP('2025-07-07 17:15:30.000000', 'SYYYY-MM-DD HH24:MI:SS:FF6'), NULL);
INSERT INTO "SPECTRA"."t_sys_dict_group" VALUES (1942151722745933825, 1942142921347129346, '账号类型', 't_sys_account_type', 0, '账号类型，一个用户可以有多个不同账号类型的账号，对应不同登录方式', '1', '0', 1927290201865945090, TO_TIMESTAMP('2025-07-07 17:20:29.000000', 'SYYYY-MM-DD HH24:MI:SS:FF6'), 1927290201865945090, TO_TIMESTAMP('2025-07-07 17:20:29.000000', 'SYYYY-MM-DD HH24:MI:SS:FF6'), NULL);
INSERT INTO "SPECTRA"."t_sys_dict_group" VALUES (1942429096108576770, 1942150470595194881, '业务测试1', 'business_test_1', 0, NULL, '0', '0', 1927290201865945090, TO_TIMESTAMP('2025-07-08 11:42:40.000000', 'SYYYY-MM-DD HH24:MI:SS:FF6'), 1927290201865945090, TO_TIMESTAMP('2025-08-06 11:02:24.000000', 'SYYYY-MM-DD HH24:MI:SS:FF6'), NULL);
INSERT INTO "SPECTRA"."t_sys_dict_group" VALUES (1944677668501757953, 1942142921347129346, '组织机构类型', 't_sys_organization_type', 0, NULL, '1', '0', 1927290201865945090, TO_TIMESTAMP('2025-07-14 16:37:41.000000', 'SYYYY-MM-DD HH24:MI:SS:FF6'), 1927290201865945090, TO_TIMESTAMP('2025-07-14 16:37:41.000000', 'SYYYY-MM-DD HH24:MI:SS:FF6'), NULL);

-- ----------------------------
-- Table structure for t_sys_menu
-- ----------------------------
DROP TABLE IF EXISTS "SPECTRA"."t_sys_menu";
CREATE TABLE "SPECTRA"."t_sys_menu" (
  "id" BIGINT NOT NULL,
  "name" VARCHAR(100) NOT NULL,
  "pid" BIGINT,
  "icon" VARCHAR(100),
  "path" VARCHAR(255) NOT NULL,
  "component" VARCHAR(100) NOT NULL,
  "layout" VARCHAR(100),
  "sort" INTEGER DEFAULT 0,
  "created_by" BIGINT,
  "created_at" TIMESTAMP(6) NOT NULL,
  "updated_by" BIGINT,
  "updated_at" TIMESTAMP(6) NOT NULL,
  "deleted" TIMESTAMP(6)
)
;
COMMENT ON COLUMN "SPECTRA"."t_sys_menu"."id" IS '主键ID';
COMMENT ON COLUMN "SPECTRA"."t_sys_menu"."name" IS '名称';
COMMENT ON COLUMN "SPECTRA"."t_sys_menu"."pid" IS '父级ID';
COMMENT ON COLUMN "SPECTRA"."t_sys_menu"."icon" IS '图标';
COMMENT ON COLUMN "SPECTRA"."t_sys_menu"."path" IS '请求路径';
COMMENT ON COLUMN "SPECTRA"."t_sys_menu"."component" IS '组件路径,为空则使用布局组件';
COMMENT ON COLUMN "SPECTRA"."t_sys_menu"."layout" IS '布局';
COMMENT ON COLUMN "SPECTRA"."t_sys_menu"."sort" IS '排序';
COMMENT ON COLUMN "SPECTRA"."t_sys_menu"."created_by" IS '创建人';
COMMENT ON COLUMN "SPECTRA"."t_sys_menu"."created_at" IS '创建时间';
COMMENT ON COLUMN "SPECTRA"."t_sys_menu"."updated_by" IS '最后更新人';
COMMENT ON COLUMN "SPECTRA"."t_sys_menu"."updated_at" IS '最后更新时间';
COMMENT ON COLUMN "SPECTRA"."t_sys_menu"."deleted" IS '是否删除';

-- ----------------------------
-- Records of t_sys_menu
-- ----------------------------
INSERT INTO "SPECTRA"."t_sys_menu" VALUES (1929928379575111682, '系统管理', NULL, 'icon-setting', '/system', 'layout', 'layout', 0, 1927290201865945090, TO_TIMESTAMP('2025-06-05 11:37:46.000000', 'SYYYY-MM-DD HH24:MI:SS:FF6'), 1927290201865945090, TO_TIMESTAMP('2025-08-06 11:04:37.000000', 'SYYYY-MM-DD HH24:MI:SS:FF6'), NULL);
INSERT INTO "SPECTRA"."t_sys_menu" VALUES (1929928379667386370, '组件示例', NULL, 'icon-setting', '/example', 'layout', 'layout', 2, 1927290201865945090, TO_TIMESTAMP('2025-06-05 11:37:46.000000', 'SYYYY-MM-DD HH24:MI:SS:FF6'), 1927290201865945090, TO_TIMESTAMP('2025-07-23 16:59:53.000000', 'SYYYY-MM-DD HH24:MI:SS:FF6'), NULL);
INSERT INTO "SPECTRA"."t_sys_menu" VALUES (1929929620715778049, '用户管理', 1929928379575111682, 'icon-module', 'user', '/System/User/index', NULL, 0, 1927290201865945090, TO_TIMESTAMP('2025-06-05 11:37:46.000000', 'SYYYY-MM-DD HH24:MI:SS:FF6'), 1927290201865945090, TO_TIMESTAMP('2025-08-06 11:04:40.000000', 'SYYYY-MM-DD HH24:MI:SS:FF6'), NULL);
INSERT INTO "SPECTRA"."t_sys_menu" VALUES (1929929620753526785, '访问控制', 1929928379575111682, 'icon-module', 'RBAC', '/System/RBAC/index', NULL, 2, 1927290201865945090, TO_TIMESTAMP('2025-06-05 11:37:46.000000', 'SYYYY-MM-DD HH24:MI:SS:FF6'), 1927290201865945090, TO_TIMESTAMP('2025-06-12 10:03:39.000000', 'SYYYY-MM-DD HH24:MI:SS:FF6'), NULL);
INSERT INTO "SPECTRA"."t_sys_menu" VALUES (1929929620753526787, '字典管理', 1929928379575111682, 'icon-module', 'dict', '/System/Dict/index', NULL, 4, 1927290201865945090, TO_TIMESTAMP('2025-06-05 11:37:46.000000', 'SYYYY-MM-DD HH24:MI:SS:FF6'), 1927290201865945090, TO_TIMESTAMP('2025-06-12 10:03:46.000000', 'SYYYY-MM-DD HH24:MI:SS:FF6'), NULL);
INSERT INTO "SPECTRA"."t_sys_menu" VALUES (1929929620753526788, '定时任务', 1947937225978130433, 'icon-module', 'task', '/Monitor/Task/index', NULL, 2, 1927290201865945090, TO_TIMESTAMP('2025-06-05 11:37:46.000000', 'SYYYY-MM-DD HH24:MI:SS:FF6'), 1927290201865945090, TO_TIMESTAMP('2025-07-23 16:56:11.000000', 'SYYYY-MM-DD HH24:MI:SS:FF6'), NULL);
INSERT INTO "SPECTRA"."t_sys_menu" VALUES (1929929620753526789, '菜单管理', 1929928379575111682, 'icon-module', 'menu', '/System/Menu/index', NULL, 3, 1927290201865945090, TO_TIMESTAMP('2025-06-05 11:37:46.000000', 'SYYYY-MM-DD HH24:MI:SS:FF6'), 1927290201865945090, TO_TIMESTAMP('2025-06-12 10:03:43.000000', 'SYYYY-MM-DD HH24:MI:SS:FF6'), NULL);
INSERT INTO "SPECTRA"."t_sys_menu" VALUES (1929929620753526790, '文件存储', 1929928379575111682, 'icon-module', 'storage', '/System/Storage/index', NULL, 5, 1927290201865945090, TO_TIMESTAMP('2025-06-05 11:37:46.000000', 'SYYYY-MM-DD HH24:MI:SS:FF6'), 1927290201865945090, TO_TIMESTAMP('2025-06-12 10:03:49.000000', 'SYYYY-MM-DD HH24:MI:SS:FF6'), NULL);
INSERT INTO "SPECTRA"."t_sys_menu" VALUES (1929929620816441346, '图表示例', 1929928379667386370, 'icon-module', 'echarts', '/Example/Echarts/index', NULL, 3, 1927290201865945090, TO_TIMESTAMP('2025-06-05 11:37:46.000000', 'SYYYY-MM-DD HH24:MI:SS:FF6'), 1927290201865945090, TO_TIMESTAMP('2025-06-11 09:47:18.000000', 'SYYYY-MM-DD HH24:MI:SS:FF6'), NULL);
INSERT INTO "SPECTRA"."t_sys_menu" VALUES (1929929620816441347, '列表示例', 1929928379667386370, 'icon-module', 'table', '/Example/Table/index', NULL, 1, 1927290201865945090, TO_TIMESTAMP('2025-06-05 11:37:46.000000', 'SYYYY-MM-DD HH24:MI:SS:FF6'), 1927290201865945090, TO_TIMESTAMP('2025-06-11 09:47:10.000000', 'SYYYY-MM-DD HH24:MI:SS:FF6'), NULL);
INSERT INTO "SPECTRA"."t_sys_menu" VALUES (1929929620816441348, '表单示例', 1929928379667386370, 'icon-module', 'form', '/Example/Form/index', NULL, 2, 1927290201865945090, TO_TIMESTAMP('2025-06-05 11:37:46.000000', 'SYYYY-MM-DD HH24:MI:SS:FF6'), 1927290201865945090, TO_TIMESTAMP('2025-06-11 09:47:14.000000', 'SYYYY-MM-DD HH24:MI:SS:FF6'), NULL);
INSERT INTO "SPECTRA"."t_sys_menu" VALUES (1932983846772363266, '部门管理', 1929928379575111682, 'icon-module', 'dept', '/System/Dept/index', NULL, 1, 1927290201865945090, TO_TIMESTAMP('2025-06-12 10:10:37.000000', 'SYYYY-MM-DD HH24:MI:SS:FF6'), 1927290201865945090, TO_TIMESTAMP('2025-06-12 10:10:37.000000', 'SYYYY-MM-DD HH24:MI:SS:FF6'), NULL);
INSERT INTO "SPECTRA"."t_sys_menu" VALUES (1943557799479791617, 'Markdown', 1929928379667386370, 'icon-module', 'markdown', '/Example/Markdown/index', NULL, 4, 1927290201865945090, TO_TIMESTAMP('2025-07-11 14:27:44.000000', 'SYYYY-MM-DD HH24:MI:SS:FF6'), 1927290201865945090, TO_TIMESTAMP('2025-07-11 14:27:54.000000', 'SYYYY-MM-DD HH24:MI:SS:FF6'), NULL);
INSERT INTO "SPECTRA"."t_sys_menu" VALUES (1947937225978130433, '系统监控', NULL, 'icon-setting', '/monitor', 'layout', 'layout', 1, 1927290201865945090, TO_TIMESTAMP('2025-07-23 16:30:00.000000', 'SYYYY-MM-DD HH24:MI:SS:FF6'), 1927290201865945090, TO_TIMESTAMP('2025-07-23 16:59:59.000000', 'SYYYY-MM-DD HH24:MI:SS:FF6'), NULL);
INSERT INTO "SPECTRA"."t_sys_menu" VALUES (1947937675586547713, '数据监控', 1947937225978130433, 'icon-module', 'database', '/Monitor/Database/index', NULL, 1, 1927290201865945090, TO_TIMESTAMP('2025-07-23 16:31:47.000000', 'SYYYY-MM-DD HH24:MI:SS:FF6'), 1927290201865945090, TO_TIMESTAMP('2025-07-23 16:31:47.000000', 'SYYYY-MM-DD HH24:MI:SS:FF6'), NULL);
INSERT INTO "SPECTRA"."t_sys_menu" VALUES (1947943281978445825, '在线用户', 1947937225978130433, 'icon-module', 'online', '/Monitor/Online/index', NULL, 0, 1927290201865945090, TO_TIMESTAMP('2025-07-23 16:54:04.000000', 'SYYYY-MM-DD HH24:MI:SS:FF6'), 1927290201865945090, TO_TIMESTAMP('2025-07-23 16:55:35.000000', 'SYYYY-MM-DD HH24:MI:SS:FF6'), NULL);
INSERT INTO "SPECTRA"."t_sys_menu" VALUES (1947944068104261634, '服务监控', 1947937225978130433, 'icon-module', 'server', '/Monitor/Server/index', NULL, 3, 1927290201865945090, TO_TIMESTAMP('2025-07-23 16:57:12.000000', 'SYYYY-MM-DD HH24:MI:SS:FF6'), 1927290201865945090, TO_TIMESTAMP('2025-07-23 16:57:12.000000', 'SYYYY-MM-DD HH24:MI:SS:FF6'), NULL);
INSERT INTO "SPECTRA"."t_sys_menu" VALUES (1947944189344813057, '缓存监控', 1947937225978130433, 'icon-module', 'cache', '/Monitor/Cache/index', NULL, 4, 1927290201865945090, TO_TIMESTAMP('2025-07-23 16:57:40.000000', 'SYYYY-MM-DD HH24:MI:SS:FF6'), 1927290201865945090, TO_TIMESTAMP('2025-07-23 16:57:40.000000', 'SYYYY-MM-DD HH24:MI:SS:FF6'), NULL);

-- ----------------------------
-- Table structure for t_sys_operation_log
-- ----------------------------
DROP TABLE IF EXISTS "SPECTRA"."t_sys_operation_log";
CREATE TABLE "SPECTRA"."t_sys_operation_log" (
  "id" BIGINT NOT NULL,
  "explain" TEXT,
  "status" SMALLINT,
  "ip" VARCHAR(15),
  "method" VARCHAR(255),
  "url" VARCHAR(255),
  "args" BLOB,
  "result" BLOB,
  "time_cost" BIGINT,
  "created_by" BIGINT,
  "created_at" TIMESTAMP(6) NOT NULL,
  "updated_by" BIGINT,
  "updated_at" TIMESTAMP(6) NOT NULL,
  "deleted" TIMESTAMP(6)
)
;
COMMENT ON COLUMN "SPECTRA"."t_sys_operation_log"."id" IS '主键ID';
COMMENT ON COLUMN "SPECTRA"."t_sys_operation_log"."explain" IS '日志说明';
COMMENT ON COLUMN "SPECTRA"."t_sys_operation_log"."status" IS '请求状态';
COMMENT ON COLUMN "SPECTRA"."t_sys_operation_log"."ip" IS '来源IP';
COMMENT ON COLUMN "SPECTRA"."t_sys_operation_log"."method" IS '请求方法';
COMMENT ON COLUMN "SPECTRA"."t_sys_operation_log"."url" IS '请求URL';
COMMENT ON COLUMN "SPECTRA"."t_sys_operation_log"."args" IS '请求参数';
COMMENT ON COLUMN "SPECTRA"."t_sys_operation_log"."result" IS '请求响应';
COMMENT ON COLUMN "SPECTRA"."t_sys_operation_log"."time_cost" IS '耗时';
COMMENT ON COLUMN "SPECTRA"."t_sys_operation_log"."created_by" IS '创建人';
COMMENT ON COLUMN "SPECTRA"."t_sys_operation_log"."created_at" IS '创建时间';
COMMENT ON COLUMN "SPECTRA"."t_sys_operation_log"."updated_by" IS '最后更新人';
COMMENT ON COLUMN "SPECTRA"."t_sys_operation_log"."updated_at" IS '最后更新时间';
COMMENT ON COLUMN "SPECTRA"."t_sys_operation_log"."deleted" IS '是否删除';

-- ----------------------------
-- Records of t_sys_operation_log
-- ----------------------------

-- ----------------------------
-- Table structure for t_sys_organization
-- ----------------------------
DROP TABLE IF EXISTS "SPECTRA"."t_sys_organization";
CREATE TABLE "SPECTRA"."t_sys_organization" (
  "id" BIGINT NOT NULL,
  "pid" BIGINT,
  "name" VARCHAR(100) NOT NULL,
  "code" VARCHAR(100) NOT NULL,
  "type" SMALLINT,
  "address" VARCHAR(255),
  "manager_id" BIGINT,
  "remark" VARCHAR(255),
  "created_by" BIGINT,
  "created_at" TIMESTAMP(6) NOT NULL,
  "updated_by" BIGINT,
  "updated_at" TIMESTAMP(6) NOT NULL,
  "deleted" TIMESTAMP(6)
)
;
COMMENT ON COLUMN "SPECTRA"."t_sys_organization"."id" IS '主键ID';
COMMENT ON COLUMN "SPECTRA"."t_sys_organization"."pid" IS '上级ID';
COMMENT ON COLUMN "SPECTRA"."t_sys_organization"."name" IS '名称';
COMMENT ON COLUMN "SPECTRA"."t_sys_organization"."code" IS '编码';
COMMENT ON COLUMN "SPECTRA"."t_sys_organization"."type" IS '公司类型';
COMMENT ON COLUMN "SPECTRA"."t_sys_organization"."address" IS '注册地址';
COMMENT ON COLUMN "SPECTRA"."t_sys_organization"."manager_id" IS '负责人ID';
COMMENT ON COLUMN "SPECTRA"."t_sys_organization"."remark" IS '备注';
COMMENT ON COLUMN "SPECTRA"."t_sys_organization"."created_by" IS '创建人';
COMMENT ON COLUMN "SPECTRA"."t_sys_organization"."created_at" IS '创建时间';
COMMENT ON COLUMN "SPECTRA"."t_sys_organization"."updated_by" IS '最后更新人';
COMMENT ON COLUMN "SPECTRA"."t_sys_organization"."updated_at" IS '最后更新时间';
COMMENT ON COLUMN "SPECTRA"."t_sys_organization"."deleted" IS '是否删除';

-- ----------------------------
-- Records of t_sys_organization
-- ----------------------------
INSERT INTO "SPECTRA"."t_sys_organization" VALUES (1944679712507760641, NULL, '道一科技', 'ORG_ROOT', 1, '中国', NULL, NULL, NULL, TO_TIMESTAMP('2025-07-14 16:45:49.000000', 'SYYYY-MM-DD HH24:MI:SS:FF6'), NULL, TO_TIMESTAMP('2025-07-14 16:45:49.000000', 'SYYYY-MM-DD HH24:MI:SS:FF6'), NULL);
INSERT INTO "SPECTRA"."t_sys_organization" VALUES (1944693648674168833, 1944679712507760641, '西部大区', 'ORG_WEST', 2, '西部大区', NULL, '整个西部大区相关的', 1927290201865945090, TO_TIMESTAMP('2025-07-14 17:41:11.000000', 'SYYYY-MM-DD HH24:MI:SS:FF6'), 1927290201865945090, TO_TIMESTAMP('2025-08-06 10:16:53.000000', 'SYYYY-MM-DD HH24:MI:SS:FF6'), TO_TIMESTAMP('2025-08-06 10:16:53.000000', 'SYYYY-MM-DD HH24:MI:SS:FF6'));
INSERT INTO "SPECTRA"."t_sys_organization" VALUES (1944694522943242242, 1944679712507760641, '东部大区', 'ORG_EAST', 2, '东部大区', NULL, '整个东部大区相关的', 1927290201865945090, TO_TIMESTAMP('2025-07-14 17:44:40.000000', 'SYYYY-MM-DD HH24:MI:SS:FF6'), 1927290201865945090, TO_TIMESTAMP('2025-07-14 17:44:40.000000', 'SYYYY-MM-DD HH24:MI:SS:FF6'), NULL);
INSERT INTO "SPECTRA"."t_sys_organization" VALUES (1944694666350690306, 1944679712507760641, '云南分公司', 'ORG_YUNNAN', 2, '南部大区', NULL, '整个南部大区相关的', 1927290201865945090, TO_TIMESTAMP('2025-07-14 17:45:14.000000', 'SYYYY-MM-DD HH24:MI:SS:FF6'), 1927290201865945090, TO_TIMESTAMP('2025-08-06 10:50:58.000000', 'SYYYY-MM-DD HH24:MI:SS:FF6'), NULL);
INSERT INTO "SPECTRA"."t_sys_organization" VALUES (1944694800480337921, 1944679712507760641, '贵州分公司', 'ORG_GUIZHOU', 2, NULL, NULL, NULL, 1927290201865945090, TO_TIMESTAMP('2025-07-14 17:45:46.000000', 'SYYYY-MM-DD HH24:MI:SS:FF6'), 1927290201865945090, TO_TIMESTAMP('2025-08-06 10:51:36.000000', 'SYYYY-MM-DD HH24:MI:SS:FF6'), NULL);
INSERT INTO "SPECTRA"."t_sys_organization" VALUES (1944710101167226882, 1944694666350690306, '昆明分公司', 'ORG_KUNMING', 3, NULL, NULL, NULL, 1927290201865945090, TO_TIMESTAMP('2025-07-14 18:46:34.000000', 'SYYYY-MM-DD HH24:MI:SS:FF6'), 1927290201865945090, TO_TIMESTAMP('2025-08-06 10:51:53.000000', 'SYYYY-MM-DD HH24:MI:SS:FF6'), NULL);
INSERT INTO "SPECTRA"."t_sys_organization" VALUES (1952914438842458114, 1944679712507760641, '四川分公司', 'ORG_SICHUAN', 2, NULL, NULL, NULL, 1927290201865945090, TO_TIMESTAMP('2025-08-06 10:07:40.000000', 'SYYYY-MM-DD HH24:MI:SS:FF6'), 1927290201865945090, TO_TIMESTAMP('2025-08-06 10:51:41.000000', 'SYYYY-MM-DD HH24:MI:SS:FF6'), NULL);
INSERT INTO "SPECTRA"."t_sys_organization" VALUES (1952914668522545153, NULL, '重庆分公司', 'ORG_CHONGQING', 2, NULL, NULL, NULL, 1927290201865945090, TO_TIMESTAMP('2025-08-06 10:08:35.000000', 'SYYYY-MM-DD HH24:MI:SS:FF6'), 1927290201865945090, TO_TIMESTAMP('2025-08-06 10:18:18.000000', 'SYYYY-MM-DD HH24:MI:SS:FF6'), TO_TIMESTAMP('2025-08-06 10:18:17.000000', 'SYYYY-MM-DD HH24:MI:SS:FF6'));
INSERT INTO "SPECTRA"."t_sys_organization" VALUES (1952917325207207938, NULL, '测试', '123333', 1, NULL, NULL, NULL, 1927290201865945090, TO_TIMESTAMP('2025-08-06 10:19:08.000000', 'SYYYY-MM-DD HH24:MI:SS:FF6'), 1927290201865945090, TO_TIMESTAMP('2025-08-06 10:19:12.000000', 'SYYYY-MM-DD HH24:MI:SS:FF6'), TO_TIMESTAMP('2025-08-06 10:19:11.000000', 'SYYYY-MM-DD HH24:MI:SS:FF6'));
INSERT INTO "SPECTRA"."t_sys_organization" VALUES (1952917479851196417, NULL, '顶顶顶', '12333', 2, NULL, NULL, NULL, 1927290201865945090, TO_TIMESTAMP('2025-08-06 10:19:45.000000', 'SYYYY-MM-DD HH24:MI:SS:FF6'), 1927290201865945090, TO_TIMESTAMP('2025-08-06 10:19:49.000000', 'SYYYY-MM-DD HH24:MI:SS:FF6'), TO_TIMESTAMP('2025-08-06 10:19:48.000000', 'SYYYY-MM-DD HH24:MI:SS:FF6'));

-- ----------------------------
-- Table structure for t_sys_role
-- ----------------------------
DROP TABLE IF EXISTS "SPECTRA"."t_sys_role";
CREATE TABLE "SPECTRA"."t_sys_role" (
  "id" BIGINT NOT NULL,
  "name" VARCHAR(100),
  "code" VARCHAR(100),
  "state" BIT DEFAULT 1,
  "scope" INT,
  "remark" VARCHAR(255),
  "created_by" BIGINT,
  "created_at" TIMESTAMP(6) NOT NULL,
  "updated_by" BIGINT,
  "updated_at" TIMESTAMP(6) NOT NULL,
  "deleted" TIMESTAMP(6)
)
;
COMMENT ON COLUMN "SPECTRA"."t_sys_role"."id" IS '主键ID';
COMMENT ON COLUMN "SPECTRA"."t_sys_role"."name" IS '名称';
COMMENT ON COLUMN "SPECTRA"."t_sys_role"."code" IS '编码';
COMMENT ON COLUMN "SPECTRA"."t_sys_role"."state" IS '状态';
COMMENT ON COLUMN "SPECTRA"."t_sys_role"."scope" IS '范围';
COMMENT ON COLUMN "SPECTRA"."t_sys_role"."remark" IS '备注';
COMMENT ON COLUMN "SPECTRA"."t_sys_role"."created_by" IS '创建人';
COMMENT ON COLUMN "SPECTRA"."t_sys_role"."created_at" IS '创建时间';
COMMENT ON COLUMN "SPECTRA"."t_sys_role"."updated_by" IS '最后更新人';
COMMENT ON COLUMN "SPECTRA"."t_sys_role"."updated_at" IS '最后更新时间';
COMMENT ON COLUMN "SPECTRA"."t_sys_role"."deleted" IS '是否删除';
COMMENT ON TABLE "SPECTRA"."t_sys_role" IS '角色表';

-- ----------------------------
-- Records of t_sys_role
-- ----------------------------
INSERT INTO "SPECTRA"."t_sys_role" VALUES (1932682189593350146, '运维管理员', 'DEV_ADMIN', '1', 2, '运维人员使用,全局范围,拥有所有权限', 1927290201865945090, TO_TIMESTAMP('2025-06-11 14:11:56.000000', 'SYYYY-MM-DD HH24:MI:SS:FF6'), 1927290201865945090, TO_TIMESTAMP('2025-08-06 11:07:05.000000', 'SYYYY-MM-DD HH24:MI:SS:FF6'), NULL);
INSERT INTO "SPECTRA"."t_sys_role" VALUES (1932685785802162178, '系统管理员', 't_sys_ADMIN', '1', 0, '系统管理员,管理整个系统的,但是看不到系统运维相关的一些内容', 1927290201865945090, TO_TIMESTAMP('2025-06-11 14:26:14.000000', 'SYYYY-MM-DD HH24:MI:SS:FF6'), 1927290201865945090, TO_TIMESTAMP('2025-06-11 14:26:14.000000', 'SYYYY-MM-DD HH24:MI:SS:FF6'), NULL);
INSERT INTO "SPECTRA"."t_sys_role" VALUES (1932687324356775938, '小组长', 'GROUP_LEADER', '0', 1, '测试禁用状态', 1927290201865945090, TO_TIMESTAMP('2025-06-11 14:32:20.000000', 'SYYYY-MM-DD HH24:MI:SS:FF6'), 1927290201865945090, TO_TIMESTAMP('2025-07-29 14:02:26.000000', 'SYYYY-MM-DD HH24:MI:SS:FF6'), NULL);

-- ----------------------------
-- Table structure for t_sys_role_authority_map
-- ----------------------------
DROP TABLE IF EXISTS "SPECTRA"."t_sys_role_authority_map";
CREATE TABLE "SPECTRA"."t_sys_role_authority_map" (
  "id" BIGINT NOT NULL,
  "role_id" BIGINT NOT NULL,
  "authority_id" BIGINT NOT NULL,
  "created_by" BIGINT,
  "created_at" TIMESTAMP(6),
  "updated_by" BIGINT,
  "updated_at" TIMESTAMP(6),
  "deleted" TIMESTAMP(6)
)
;
COMMENT ON COLUMN "SPECTRA"."t_sys_role_authority_map"."id" IS '主键ID';
COMMENT ON COLUMN "SPECTRA"."t_sys_role_authority_map"."role_id" IS '角色ID';
COMMENT ON COLUMN "SPECTRA"."t_sys_role_authority_map"."authority_id" IS '权限ID';
COMMENT ON COLUMN "SPECTRA"."t_sys_role_authority_map"."created_by" IS '创建人';
COMMENT ON COLUMN "SPECTRA"."t_sys_role_authority_map"."created_at" IS '创建时间';
COMMENT ON COLUMN "SPECTRA"."t_sys_role_authority_map"."updated_by" IS '最后更新人';
COMMENT ON COLUMN "SPECTRA"."t_sys_role_authority_map"."updated_at" IS '最后更新时间';
COMMENT ON COLUMN "SPECTRA"."t_sys_role_authority_map"."deleted" IS '是否删除';
COMMENT ON TABLE "SPECTRA"."t_sys_role_authority_map" IS '权限表<->角色';

-- ----------------------------
-- Records of t_sys_role_authority_map
-- ----------------------------

-- ----------------------------
-- Table structure for t_sys_user
-- ----------------------------
DROP TABLE IF EXISTS "SPECTRA"."t_sys_user";
CREATE TABLE "SPECTRA"."t_sys_user" (
  "id" BIGINT NOT NULL,
  "name" VARCHAR(100),
  "email" VARCHAR(100),
  "avatar" VARCHAR(100),
  "state" BIT DEFAULT 0,
  "organization_id" BIGINT,
  "created_by" BIGINT,
  "created_at" TIMESTAMP(6),
  "updated_by" BIGINT,
  "updated_at" TIMESTAMP(6),
  "deleted" TIMESTAMP(6)
)
;
COMMENT ON COLUMN "SPECTRA"."t_sys_user"."id" IS '主键ID';
COMMENT ON COLUMN "SPECTRA"."t_sys_user"."name" IS '姓名';
COMMENT ON COLUMN "SPECTRA"."t_sys_user"."email" IS '邮箱';
COMMENT ON COLUMN "SPECTRA"."t_sys_user"."avatar" IS '头像';
COMMENT ON COLUMN "SPECTRA"."t_sys_user"."state" IS '状态';
COMMENT ON COLUMN "SPECTRA"."t_sys_user"."organization_id" IS '所属组织机构ID';
COMMENT ON COLUMN "SPECTRA"."t_sys_user"."created_by" IS '创建人';
COMMENT ON COLUMN "SPECTRA"."t_sys_user"."created_at" IS '创建时间';
COMMENT ON COLUMN "SPECTRA"."t_sys_user"."updated_by" IS '最后更新人';
COMMENT ON COLUMN "SPECTRA"."t_sys_user"."updated_at" IS '最后更新时间';
COMMENT ON COLUMN "SPECTRA"."t_sys_user"."deleted" IS '是否删除';
COMMENT ON TABLE "SPECTRA"."t_sys_user" IS '用户信息';

-- ----------------------------
-- Records of t_sys_user
-- ----------------------------
INSERT INTO "SPECTRA"."t_sys_user" VALUES (1934276682383138817, '平台管理员', 'yangxj96@gmail.com', NULL, '0', 1944679712507760641, NULL, TO_TIMESTAMP('2025-06-15 23:47:53.000000', 'SYYYY-MM-DD HH24:MI:SS:FF6'), 1927290201865945090, TO_TIMESTAMP('2025-06-24 11:37:14.000000', 'SYYYY-MM-DD HH24:MI:SS:FF6'), NULL);
INSERT INTO "SPECTRA"."t_sys_user" VALUES (1937354420709711873, '超级管理员', 'sysadmin@1.com', NULL, '0', 1944679712507760641, 1927290201865945090, TO_TIMESTAMP('2025-06-24 11:37:43.000000', 'SYYYY-MM-DD HH24:MI:SS:FF6'), 1927290201865945090, TO_TIMESTAMP('2025-08-05 11:34:59.000000', 'SYYYY-MM-DD HH24:MI:SS:FF6'), NULL);
INSERT INTO "SPECTRA"."t_sys_user" VALUES (1937706586813169665, '测试用户', 'ceshi@1.com', NULL, '1', 1944679712507760641, 1927290201865945090, TO_TIMESTAMP('2025-06-25 10:57:06.000000', 'SYYYY-MM-DD HH24:MI:SS:FF6'), 1927290201865945090, TO_TIMESTAMP('2025-08-06 11:09:47.000000', 'SYYYY-MM-DD HH24:MI:SS:FF6'), NULL);

-- ----------------------------
-- Table structure for t_sys_user_role_map
-- ----------------------------
DROP TABLE IF EXISTS "SPECTRA"."t_sys_user_role_map";
CREATE TABLE "SPECTRA"."t_sys_user_role_map" (
  "id" BIGINT NOT NULL,
  "user_id" BIGINT NOT NULL,
  "role_id" BIGINT NOT NULL,
  "created_by" BIGINT,
  "created_at" TIMESTAMP(6),
  "updated_by" BIGINT,
  "updated_at" TIMESTAMP(6),
  "deleted" TIMESTAMP(6)
)
;
COMMENT ON COLUMN "SPECTRA"."t_sys_user_role_map"."id" IS '主键ID';
COMMENT ON COLUMN "SPECTRA"."t_sys_user_role_map"."user_id" IS '用户ID';
COMMENT ON COLUMN "SPECTRA"."t_sys_user_role_map"."role_id" IS '角色ID';
COMMENT ON COLUMN "SPECTRA"."t_sys_user_role_map"."created_by" IS '创建人';
COMMENT ON COLUMN "SPECTRA"."t_sys_user_role_map"."created_at" IS '创建时间';
COMMENT ON COLUMN "SPECTRA"."t_sys_user_role_map"."updated_by" IS '最后更新人';
COMMENT ON COLUMN "SPECTRA"."t_sys_user_role_map"."updated_at" IS '最后更新时间';
COMMENT ON COLUMN "SPECTRA"."t_sys_user_role_map"."deleted" IS '是否删除';
COMMENT ON TABLE "SPECTRA"."t_sys_user_role_map" IS '角色表<->账户';

-- ----------------------------
-- Records of t_sys_user_role_map
-- ----------------------------
INSERT INTO "SPECTRA"."t_sys_user_role_map" VALUES (1934292480493473793, 1934276682383138817, 1932682189593350146, NULL, TO_TIMESTAMP('2025-06-16 00:50:39.000000', 'SYYYY-MM-DD HH24:MI:SS:FF6'), NULL, TO_TIMESTAMP('2025-06-16 00:50:39.000000', 'SYYYY-MM-DD HH24:MI:SS:FF6'), NULL);
INSERT INTO "SPECTRA"."t_sys_user_role_map" VALUES (1937354421099782147, 1937354420709711873, 1932685785802162178, NULL, TO_TIMESTAMP('2025-06-24 11:37:43.000000', 'SYYYY-MM-DD HH24:MI:SS:FF6'), NULL, TO_TIMESTAMP('2025-06-24 11:37:43.000000', 'SYYYY-MM-DD HH24:MI:SS:FF6'), NULL);
INSERT INTO "SPECTRA"."t_sys_user_role_map" VALUES (1937706587291320321, 1937706586813169665, 1932687324356775938, NULL, TO_TIMESTAMP('2025-06-25 10:57:06.000000', 'SYYYY-MM-DD HH24:MI:SS:FF6'), NULL, TO_TIMESTAMP('2025-06-25 10:57:06.000000', 'SYYYY-MM-DD HH24:MI:SS:FF6'), NULL);

-- ----------------------------
-- Primary Key structure for table t_sys_account
-- ----------------------------
ALTER TABLE "SPECTRA"."t_sys_account" ADD PRIMARY KEY ("id");

-- ----------------------------
-- Primary Key structure for table t_sys_authority
-- ----------------------------
ALTER TABLE "SPECTRA"."t_sys_authority" ADD PRIMARY KEY ("id");

-- ----------------------------
-- Primary Key structure for table t_sys_dict_data
-- ----------------------------
ALTER TABLE "SPECTRA"."t_sys_dict_data" ADD PRIMARY KEY ("id");

-- ----------------------------
-- Primary Key structure for table t_sys_dict_group
-- ----------------------------
ALTER TABLE "SPECTRA"."t_sys_dict_group" ADD PRIMARY KEY ("id");

-- ----------------------------
-- Primary Key structure for table t_sys_menu
-- ----------------------------
ALTER TABLE "SPECTRA"."t_sys_menu" ADD PRIMARY KEY ("id");

-- ----------------------------
-- Primary Key structure for table t_sys_operation_log
-- ----------------------------
ALTER TABLE "SPECTRA"."t_sys_operation_log" ADD PRIMARY KEY ("id");

-- ----------------------------
-- Primary Key structure for table t_sys_organization
-- ----------------------------
ALTER TABLE "SPECTRA"."t_sys_organization" ADD PRIMARY KEY ("id");

-- ----------------------------
-- Primary Key structure for table t_sys_role
-- ----------------------------
ALTER TABLE "SPECTRA"."t_sys_role" ADD PRIMARY KEY ("id");

-- ----------------------------
-- Primary Key structure for table t_sys_role_authority_map
-- ----------------------------
ALTER TABLE "SPECTRA"."t_sys_role_authority_map" ADD PRIMARY KEY ("id");

-- ----------------------------
-- Primary Key structure for table t_sys_user
-- ----------------------------
ALTER TABLE "SPECTRA"."t_sys_user" ADD PRIMARY KEY ("id");

-- ----------------------------
-- Primary Key structure for table t_sys_user_role_map
-- ----------------------------
ALTER TABLE "SPECTRA"."t_sys_user_role_map" ADD PRIMARY KEY ("id");
