/*
 Navicat Premium Dump SQL

 Source Server         : DM_SPECTRA@SYSDBA
 Source Server Type    : Dameng
 Source Server Version : 801480 (08.01.480)
 Source Host           : localhost:5237
 Source Schema         : SPECTRA

 Target Server Type    : Dameng
 Target Server Version : 801480 (08.01.480)
 File Encoding         : 65001

 Date: 15/08/2025 17:50:49
*/


-- ----------------------------
-- Table structure for T_SYS_ACCOUNT
-- ----------------------------
DROP TABLE IF EXISTS "SPECTRA"."T_SYS_ACCOUNT";
CREATE TABLE "SPECTRA"."T_SYS_ACCOUNT" (
  "ID" BIGINT NOT NULL,
  "USERNAME" VARCHAR(20) NOT NULL,
  "PASSWORD" VARCHAR(60) NOT NULL,
  "USER_ID" BIGINT NOT NULL,
  "TYPE" INT NOT NULL,
  "CREATED_BY" BIGINT,
  "CREATED_AT" TIMESTAMP(6) NOT NULL,
  "UPDATED_BY" BIGINT,
  "UPDATED_AT" TIMESTAMP(6) NOT NULL,
  "DELETED" TIMESTAMP(6)
)
;
COMMENT ON COLUMN "SPECTRA"."T_SYS_ACCOUNT"."ID" IS '主键ID';
COMMENT ON COLUMN "SPECTRA"."T_SYS_ACCOUNT"."USERNAME" IS '用户名';
COMMENT ON COLUMN "SPECTRA"."T_SYS_ACCOUNT"."PASSWORD" IS '密码';
COMMENT ON COLUMN "SPECTRA"."T_SYS_ACCOUNT"."USER_ID" IS '用户ID';
COMMENT ON COLUMN "SPECTRA"."T_SYS_ACCOUNT"."TYPE" IS '账号类型';
COMMENT ON COLUMN "SPECTRA"."T_SYS_ACCOUNT"."CREATED_BY" IS '创建人';
COMMENT ON COLUMN "SPECTRA"."T_SYS_ACCOUNT"."CREATED_AT" IS '创建时间';
COMMENT ON COLUMN "SPECTRA"."T_SYS_ACCOUNT"."UPDATED_BY" IS '最后更新人';
COMMENT ON COLUMN "SPECTRA"."T_SYS_ACCOUNT"."UPDATED_AT" IS '最后更新时间';
COMMENT ON COLUMN "SPECTRA"."T_SYS_ACCOUNT"."DELETED" IS '删除时间';
COMMENT ON TABLE "SPECTRA"."T_SYS_ACCOUNT" IS '账号表';

-- ----------------------------
-- Records of T_SYS_ACCOUNT
-- ----------------------------
INSERT INTO "SPECTRA"."T_SYS_ACCOUNT" VALUES (1927290201865945090, 'yangxj96@gmail.com', '$2a$10$ALzuYNgOSYLlJg/XsxUY7O4BKeqECHf5J7bY8eGPaQK.3VSlkFTaO', 1934276682383138817, 0, NULL, TO_TIMESTAMP('2025-06-24 11:37:43.000000', 'SYYYY-MM-DD HH24:MI:SS:FF6'), 1927290201865945090, TO_TIMESTAMP('2025-06-24 11:37:14.000000', 'SYYYY-MM-DD HH24:MI:SS:FF6'), NULL);
INSERT INTO "SPECTRA"."T_SYS_ACCOUNT" VALUES (1937354421099782146, 'sysadmin@1.com', '$2a$10$zQSrfeQHvHw022UFUOoJwe5oHdOAWcaZr8d2owbbCwAgWqOSjVFVa', 1937354420709711873, 0, 1927290201865945090, TO_TIMESTAMP('2025-06-24 11:37:43.000000', 'SYYYY-MM-DD HH24:MI:SS:FF6'), 1927290201865945090, TO_TIMESTAMP('2025-06-24 11:37:43.000000', 'SYYYY-MM-DD HH24:MI:SS:FF6'), NULL);
INSERT INTO "SPECTRA"."T_SYS_ACCOUNT" VALUES (1937706587203239938, 'ceshi@1.com', '$2a$10$UhexxdMYdvPFokOuBO2va.hG4mxzjvXRGufSmnLtRYJrirY8Bw4km', 1937706586813169665, 0, 1927290201865945090, TO_TIMESTAMP('2025-06-25 10:57:06.000000', 'SYYYY-MM-DD HH24:MI:SS:FF6'), 1927290201865945090, TO_TIMESTAMP('2025-06-25 10:57:06.000000', 'SYYYY-MM-DD HH24:MI:SS:FF6'), NULL);

-- ----------------------------
-- Table structure for T_SYS_AUTHORITY
-- ----------------------------
DROP TABLE IF EXISTS "SPECTRA"."T_SYS_AUTHORITY";
CREATE TABLE "SPECTRA"."T_SYS_AUTHORITY" (
  "ID" BIGINT NOT NULL,
  "PID" BIGINT,
  "NAME" VARCHAR(100) NOT NULL,
  "CODE" VARCHAR(100) NOT NULL,
  "CREATED_BY" BIGINT,
  "CREATED_AT" TIMESTAMP(6) NOT NULL,
  "UPDATED_BY" BIGINT,
  "UPDATED_AT" TIMESTAMP(6) NOT NULL,
  "DELETED" TIMESTAMP(6)
)
;
COMMENT ON COLUMN "SPECTRA"."T_SYS_AUTHORITY"."ID" IS '主键ID';
COMMENT ON COLUMN "SPECTRA"."T_SYS_AUTHORITY"."PID" IS '父级ID,用于构建树形结构';
COMMENT ON COLUMN "SPECTRA"."T_SYS_AUTHORITY"."NAME" IS '权限名称';
COMMENT ON COLUMN "SPECTRA"."T_SYS_AUTHORITY"."CODE" IS '权限编码';
COMMENT ON COLUMN "SPECTRA"."T_SYS_AUTHORITY"."CREATED_BY" IS '创建人';
COMMENT ON COLUMN "SPECTRA"."T_SYS_AUTHORITY"."CREATED_AT" IS '创建时间';
COMMENT ON COLUMN "SPECTRA"."T_SYS_AUTHORITY"."UPDATED_BY" IS '最后更新人';
COMMENT ON COLUMN "SPECTRA"."T_SYS_AUTHORITY"."UPDATED_AT" IS '最后更新时间';
COMMENT ON COLUMN "SPECTRA"."T_SYS_AUTHORITY"."DELETED" IS '是否删除';
COMMENT ON TABLE "SPECTRA"."T_SYS_AUTHORITY" IS '权限表';

-- ----------------------------
-- Records of T_SYS_AUTHORITY
-- ----------------------------
INSERT INTO "SPECTRA"."T_SYS_AUTHORITY" VALUES (1943513441539891202, NULL, '字典权限', 'MENU:*', NULL, TO_TIMESTAMP('2025-07-11 11:31:28.000000', 'SYYYY-MM-DD HH24:MI:SS:FF6'), NULL, TO_TIMESTAMP('2025-07-11 11:31:28.000000', 'SYYYY-MM-DD HH24:MI:SS:FF6'), NULL);
INSERT INTO "SPECTRA"."T_SYS_AUTHORITY" VALUES (1943513442269700097, 1943513441539891202, '字典新增', 'MENU:INSERT', NULL, TO_TIMESTAMP('2025-07-11 11:31:28.000000', 'SYYYY-MM-DD HH24:MI:SS:FF6'), NULL, TO_TIMESTAMP('2025-07-11 11:31:28.000000', 'SYYYY-MM-DD HH24:MI:SS:FF6'), NULL);
INSERT INTO "SPECTRA"."T_SYS_AUTHORITY" VALUES (1943513442269700098, 1943513441539891202, '字典修改', 'MENU:UPDATE', NULL, TO_TIMESTAMP('2025-07-11 11:31:28.000000', 'SYYYY-MM-DD HH24:MI:SS:FF6'), NULL, TO_TIMESTAMP('2025-07-11 11:31:28.000000', 'SYYYY-MM-DD HH24:MI:SS:FF6'), NULL);
INSERT INTO "SPECTRA"."T_SYS_AUTHORITY" VALUES (1943513442269700099, 1943513441539891202, '字典删除', 'MENU:DELETE', NULL, TO_TIMESTAMP('2025-07-11 11:31:28.000000', 'SYYYY-MM-DD HH24:MI:SS:FF6'), NULL, TO_TIMESTAMP('2025-07-11 11:31:28.000000', 'SYYYY-MM-DD HH24:MI:SS:FF6'), NULL);

-- ----------------------------
-- Table structure for T_SYS_DICT_DATA
-- ----------------------------
DROP TABLE IF EXISTS "SPECTRA"."T_SYS_DICT_DATA";
CREATE TABLE "SPECTRA"."T_SYS_DICT_DATA" (
  "ID" BIGINT NOT NULL,
  "GID" BIGINT NOT NULL,
  "LABEL" VARCHAR(100) NOT NULL,
  "VALUE" VARCHAR(100) NOT NULL,
  "SORT" SMALLINT DEFAULT 0 NOT NULL,
  "STATE" SMALLINT NOT NULL,
  "REMARK" VARCHAR(255),
  "CREATED_BY" BIGINT,
  "CREATED_AT" TIMESTAMP(6) NOT NULL,
  "UPDATED_BY" BIGINT,
  "UPDATED_AT" TIMESTAMP(6) NOT NULL,
  "DELETED" TIMESTAMP(6)
)
;
COMMENT ON COLUMN "SPECTRA"."T_SYS_DICT_DATA"."ID" IS '主键ID';
COMMENT ON COLUMN "SPECTRA"."T_SYS_DICT_DATA"."GID" IS '字典组ID';
COMMENT ON COLUMN "SPECTRA"."T_SYS_DICT_DATA"."LABEL" IS '标签';
COMMENT ON COLUMN "SPECTRA"."T_SYS_DICT_DATA"."VALUE" IS '值';
COMMENT ON COLUMN "SPECTRA"."T_SYS_DICT_DATA"."SORT" IS '排序';
COMMENT ON COLUMN "SPECTRA"."T_SYS_DICT_DATA"."STATE" IS '状态';
COMMENT ON COLUMN "SPECTRA"."T_SYS_DICT_DATA"."REMARK" IS '备注';
COMMENT ON COLUMN "SPECTRA"."T_SYS_DICT_DATA"."CREATED_BY" IS '创建人';
COMMENT ON COLUMN "SPECTRA"."T_SYS_DICT_DATA"."CREATED_AT" IS '创建时间';
COMMENT ON COLUMN "SPECTRA"."T_SYS_DICT_DATA"."UPDATED_BY" IS '最后更新人';
COMMENT ON COLUMN "SPECTRA"."T_SYS_DICT_DATA"."UPDATED_AT" IS '最后更新时间';
COMMENT ON COLUMN "SPECTRA"."T_SYS_DICT_DATA"."DELETED" IS '是否删除';

-- ----------------------------
-- Records of T_SYS_DICT_DATA
-- ----------------------------
INSERT INTO "SPECTRA"."T_SYS_DICT_DATA" VALUES (1942142254075305986, 1942142182856024066, '全局', '0', 999, 0, '全局范围可查询', 1927290201865945090, TO_TIMESTAMP('2025-07-07 16:42:51.000000', 'SYYYY-MM-DD HH24:MI:SS:FF6'), 1927290201865945090, TO_TIMESTAMP('2025-07-07 16:42:51.000000', 'SYYYY-MM-DD HH24:MI:SS:FF6'), NULL);
INSERT INTO "SPECTRA"."T_SYS_DICT_DATA" VALUES (1942142354801516546, 1942142182856024066, '本级', '1', 999, 0, '可以查询当前所属的组织机构+部门本级别的内容', 1927290201865945090, TO_TIMESTAMP('2025-07-07 16:43:15.000000', 'SYYYY-MM-DD HH24:MI:SS:FF6'), 1927290201865945090, TO_TIMESTAMP('2025-07-07 16:43:15.000000', 'SYYYY-MM-DD HH24:MI:SS:FF6'), NULL);
INSERT INTO "SPECTRA"."T_SYS_DICT_DATA" VALUES (1942142489367371777, 1942142182856024066, '本级包含下级', '2', 999, 0, '可以查询当前组织机构+部门,包含子级组织机构+部门的数据', 1927290201865945090, TO_TIMESTAMP('2025-07-07 16:43:47.000000', 'SYYYY-MM-DD HH24:MI:SS:FF6'), 1927290201865945090, TO_TIMESTAMP('2025-07-07 16:43:47.000000', 'SYYYY-MM-DD HH24:MI:SS:FF6'), NULL);
INSERT INTO "SPECTRA"."T_SYS_DICT_DATA" VALUES (1942143228055609345, 1942142790749085698, '正常', '0', 999, 0, '正常', 1927290201865945090, TO_TIMESTAMP('2025-07-07 16:46:44.000000', 'SYYYY-MM-DD HH24:MI:SS:FF6'), 1927290201865945090, TO_TIMESTAMP('2025-07-07 16:46:44.000000', 'SYYYY-MM-DD HH24:MI:SS:FF6'), NULL);
INSERT INTO "SPECTRA"."T_SYS_DICT_DATA" VALUES (1942143271655399425, 1942142790749085698, '冻结', '1', 999, 0, '冻结', 1927290201865945090, TO_TIMESTAMP('2025-07-07 16:46:54.000000', 'SYYYY-MM-DD HH24:MI:SS:FF6'), 1927290201865945090, TO_TIMESTAMP('2025-07-07 16:46:54.000000', 'SYYYY-MM-DD HH24:MI:SS:FF6'), NULL);
INSERT INTO "SPECTRA"."T_SYS_DICT_DATA" VALUES (1942143325908721665, 1942142790749085698, '封禁', '2', 999, 0, '封禁', 1927290201865945090, TO_TIMESTAMP('2025-07-07 16:47:07.000000', 'SYYYY-MM-DD HH24:MI:SS:FF6'), 1927290201865945090, TO_TIMESTAMP('2025-07-07 16:47:07.000000', 'SYYYY-MM-DD HH24:MI:SS:FF6'), NULL);
INSERT INTO "SPECTRA"."T_SYS_DICT_DATA" VALUES (1942143658663829506, 1942143605777850369, '启用', '0', 999, 0, '启用', 1927290201865945090, TO_TIMESTAMP('2025-07-07 16:48:26.000000', 'SYYYY-MM-DD HH24:MI:SS:FF6'), 1927290201865945090, TO_TIMESTAMP('2025-07-07 16:48:26.000000', 'SYYYY-MM-DD HH24:MI:SS:FF6'), NULL);
INSERT INTO "SPECTRA"."T_SYS_DICT_DATA" VALUES (1942143694822924289, 1942143605777850369, '禁用', '1', 999, 0, '禁用', 1927290201865945090, TO_TIMESTAMP('2025-07-07 16:48:35.000000', 'SYYYY-MM-DD HH24:MI:SS:FF6'), 1927290201865945090, TO_TIMESTAMP('2025-07-07 16:48:35.000000', 'SYYYY-MM-DD HH24:MI:SS:FF6'), NULL);
INSERT INTO "SPECTRA"."T_SYS_DICT_DATA" VALUES (1942151875150163969, 1942151722745933825, '邮箱登录', '0', 999, 0, '邮箱登录', 1927290201865945090, TO_TIMESTAMP('2025-07-07 17:21:05.000000', 'SYYYY-MM-DD HH24:MI:SS:FF6'), 1927290201865945090, TO_TIMESTAMP('2025-07-07 17:21:05.000000', 'SYYYY-MM-DD HH24:MI:SS:FF6'), NULL);
INSERT INTO "SPECTRA"."T_SYS_DICT_DATA" VALUES (1942151904090861570, 1942151722745933825, '手机号码', '1', 999, 0, '手机号码', 1927290201865945090, TO_TIMESTAMP('2025-07-07 17:21:12.000000', 'SYYYY-MM-DD HH24:MI:SS:FF6'), 1927290201865945090, TO_TIMESTAMP('2025-07-07 17:21:12.000000', 'SYYYY-MM-DD HH24:MI:SS:FF6'), NULL);
INSERT INTO "SPECTRA"."T_SYS_DICT_DATA" VALUES (1942151942581989377, 1942151722745933825, '微信登录', '2', 999, 0, '微信登录', 1927290201865945090, TO_TIMESTAMP('2025-07-07 17:21:21.000000', 'SYYYY-MM-DD HH24:MI:SS:FF6'), 1927290201865945090, TO_TIMESTAMP('2025-07-07 17:21:21.000000', 'SYYYY-MM-DD HH24:MI:SS:FF6'), NULL);
INSERT INTO "SPECTRA"."T_SYS_DICT_DATA" VALUES (1942506181581787138, 1942429096108576770, '业务测试_V_1', 'yw_test_v_1', 1, 0, NULL, 1927290201865945090, TO_TIMESTAMP('2025-07-08 16:48:58.000000', 'SYYYY-MM-DD HH24:MI:SS:FF6'), 1927290201865945090, TO_TIMESTAMP('2025-07-08 16:48:58.000000', 'SYYYY-MM-DD HH24:MI:SS:FF6'), NULL);
INSERT INTO "SPECTRA"."T_SYS_DICT_DATA" VALUES (1942506793794981889, 1942429096108576770, '业务测试_V_2', 'yw_test_v_2', 1, 1, NULL, 1927290201865945090, TO_TIMESTAMP('2025-07-08 16:51:24.000000', 'SYYYY-MM-DD HH24:MI:SS:FF6'), 1927290201865945090, TO_TIMESTAMP('2025-07-11 10:15:42.000000', 'SYYYY-MM-DD HH24:MI:SS:FF6'), NULL);
INSERT INTO "SPECTRA"."T_SYS_DICT_DATA" VALUES (1944677811678519297, 1944677668501757953, '集团总部', '1', 1, 0, NULL, 1927290201865945090, TO_TIMESTAMP('2025-07-14 16:38:15.000000', 'SYYYY-MM-DD HH24:MI:SS:FF6'), 1927290201865945090, TO_TIMESTAMP('2025-08-05 11:30:17.000000', 'SYYYY-MM-DD HH24:MI:SS:FF6'), NULL);
INSERT INTO "SPECTRA"."T_SYS_DICT_DATA" VALUES (1944677899893121026, 1944677668501757953, '省级公司', '2', 2, 0, NULL, 1927290201865945090, TO_TIMESTAMP('2025-07-14 16:38:36.000000', 'SYYYY-MM-DD HH24:MI:SS:FF6'), 1927290201865945090, TO_TIMESTAMP('2025-08-05 11:34:06.000000', 'SYYYY-MM-DD HH24:MI:SS:FF6'), NULL);
INSERT INTO "SPECTRA"."T_SYS_DICT_DATA" VALUES (1944677967375278082, 1944677668501757953, '市级公司', '3', 3, 0, NULL, 1927290201865945090, TO_TIMESTAMP('2025-07-14 16:38:52.000000', 'SYYYY-MM-DD HH24:MI:SS:FF6'), 1927290201865945090, TO_TIMESTAMP('2025-08-05 11:30:29.000000', 'SYYYY-MM-DD HH24:MI:SS:FF6'), NULL);
INSERT INTO "SPECTRA"."T_SYS_DICT_DATA" VALUES (1944678003773448194, 1944677668501757953, '部门', '5', 5, 0, NULL, 1927290201865945090, TO_TIMESTAMP('2025-07-14 16:39:01.000000', 'SYYYY-MM-DD HH24:MI:SS:FF6'), 1927290201865945090, TO_TIMESTAMP('2025-08-05 11:30:47.000000', 'SYYYY-MM-DD HH24:MI:SS:FF6'), NULL);
INSERT INTO "SPECTRA"."T_SYS_DICT_DATA" VALUES (1944678052813250561, 1944677668501757953, '科室/小组', '6', 6, 0, NULL, 1927290201865945090, TO_TIMESTAMP('2025-07-14 16:39:13.000000', 'SYYYY-MM-DD HH24:MI:SS:FF6'), 1927290201865945090, TO_TIMESTAMP('2025-08-05 11:30:52.000000', 'SYYYY-MM-DD HH24:MI:SS:FF6'), NULL);
INSERT INTO "SPECTRA"."T_SYS_DICT_DATA" VALUES (1952572801645711361, 1944677668501757953, '县级公司', '4', 4, 0, NULL, 1927290201865945090, TO_TIMESTAMP('2025-08-05 11:30:08.000000', 'SYYYY-MM-DD HH24:MI:SS:FF6'), 1927290201865945090, TO_TIMESTAMP('2025-08-05 11:34:01.000000', 'SYYYY-MM-DD HH24:MI:SS:FF6'), NULL);
INSERT INTO "SPECTRA"."T_SYS_DICT_DATA" VALUES (1952928284525182977, 1942429096108576770, '业务测试V3', 'yw_test_v_3', 999, 0, NULL, 1927290201865945090, TO_TIMESTAMP('2025-08-06 11:02:41.000000', 'SYYYY-MM-DD HH24:MI:SS:FF6'), 1927290201865945090, TO_TIMESTAMP('2025-08-06 11:02:41.000000', 'SYYYY-MM-DD HH24:MI:SS:FF6'), NULL);

-- ----------------------------
-- Table structure for T_SYS_DICT_GROUP
-- ----------------------------
DROP TABLE IF EXISTS "SPECTRA"."T_SYS_DICT_GROUP";
CREATE TABLE "SPECTRA"."T_SYS_DICT_GROUP" (
  "ID" BIGINT NOT NULL,
  "PID" BIGINT,
  "NAME" VARCHAR(100) NOT NULL,
  "CODE" VARCHAR(100) NOT NULL,
  "STATE" SMALLINT NOT NULL,
  "REMARK" VARCHAR(255),
  "BUILTIN" BIT DEFAULT 0 NOT NULL,
  "HIDE" BIT DEFAULT 0 NOT NULL,
  "CREATED_BY" BIGINT,
  "CREATED_AT" TIMESTAMP(6) NOT NULL,
  "UPDATED_BY" BIGINT,
  "UPDATED_AT" TIMESTAMP(6) NOT NULL,
  "DELETED" TIMESTAMP(6)
)
;
COMMENT ON COLUMN "SPECTRA"."T_SYS_DICT_GROUP"."ID" IS '主键ID';
COMMENT ON COLUMN "SPECTRA"."T_SYS_DICT_GROUP"."PID" IS '父级ID';
COMMENT ON COLUMN "SPECTRA"."T_SYS_DICT_GROUP"."NAME" IS '字典名称';
COMMENT ON COLUMN "SPECTRA"."T_SYS_DICT_GROUP"."CODE" IS '字典编码';
COMMENT ON COLUMN "SPECTRA"."T_SYS_DICT_GROUP"."STATE" IS '字典状态';
COMMENT ON COLUMN "SPECTRA"."T_SYS_DICT_GROUP"."REMARK" IS '备注';
COMMENT ON COLUMN "SPECTRA"."T_SYS_DICT_GROUP"."BUILTIN" IS '是否内置字段,为TRUE则不允许他进行修改删除操作';
COMMENT ON COLUMN "SPECTRA"."T_SYS_DICT_GROUP"."HIDE" IS '是否隐藏,为TRUE则前端不可直接进行修改删除等操作';
COMMENT ON COLUMN "SPECTRA"."T_SYS_DICT_GROUP"."CREATED_BY" IS '创建人';
COMMENT ON COLUMN "SPECTRA"."T_SYS_DICT_GROUP"."CREATED_AT" IS '创建时间';
COMMENT ON COLUMN "SPECTRA"."T_SYS_DICT_GROUP"."UPDATED_BY" IS '最后更新人';
COMMENT ON COLUMN "SPECTRA"."T_SYS_DICT_GROUP"."UPDATED_AT" IS '最后更新时间';
COMMENT ON COLUMN "SPECTRA"."T_SYS_DICT_GROUP"."DELETED" IS '是否删除';

-- ----------------------------
-- Records of T_SYS_DICT_GROUP
-- ----------------------------
INSERT INTO "SPECTRA"."T_SYS_DICT_GROUP" VALUES (1942142182856024066, 1942142921347129346, '权限范围', 'sys_power_scope', 0, '系统权限范围', '1', '0', 1927290201865945090, TO_TIMESTAMP('2025-07-07 16:42:34.000000', 'SYYYY-MM-DD HH24:MI:SS:FF6'), 1927290201865945090, TO_TIMESTAMP('2025-07-07 16:42:34.000000', 'SYYYY-MM-DD HH24:MI:SS:FF6'), NULL);
INSERT INTO "SPECTRA"."T_SYS_DICT_GROUP" VALUES (1942142790749085698, 1942142921347129346, '用户状态', 'sys_user_state', 0, '用户状态', '1', '0', 1927290201865945090, TO_TIMESTAMP('2025-07-07 16:44:59.000000', 'SYYYY-MM-DD HH24:MI:SS:FF6'), 1927290201865945090, TO_TIMESTAMP('2025-07-07 16:44:59.000000', 'SYYYY-MM-DD HH24:MI:SS:FF6'), NULL);
INSERT INTO "SPECTRA"."T_SYS_DICT_GROUP" VALUES (1942142921347129346, NULL, '系统配置', 'sys', 0, '系统配置相关的字典组.基本为内置不可修改的字典组', '1', '0', 1927290201865945090, TO_TIMESTAMP('2025-07-07 16:45:30.000000', 'SYYYY-MM-DD HH24:MI:SS:FF6'), 1927290201865945090, TO_TIMESTAMP('2025-07-07 16:45:30.000000', 'SYYYY-MM-DD HH24:MI:SS:FF6'), NULL);
INSERT INTO "SPECTRA"."T_SYS_DICT_GROUP" VALUES (1942143605777850369, 1942142921347129346, '通用状态', 'sys_common_state', 0, '通用状态', '1', '0', 1927290201865945090, TO_TIMESTAMP('2025-07-07 16:48:14.000000', 'SYYYY-MM-DD HH24:MI:SS:FF6'), 1927290201865945090, TO_TIMESTAMP('2025-07-07 16:48:14.000000', 'SYYYY-MM-DD HH24:MI:SS:FF6'), NULL);
INSERT INTO "SPECTRA"."T_SYS_DICT_GROUP" VALUES (1942150470595194881, NULL, '业务配置', 'business', 0, '业务部分需要的配置', '0', '0', 1927290201865945090, TO_TIMESTAMP('2025-07-07 17:15:30.000000', 'SYYYY-MM-DD HH24:MI:SS:FF6'), 1927290201865945090, TO_TIMESTAMP('2025-07-07 17:15:30.000000', 'SYYYY-MM-DD HH24:MI:SS:FF6'), NULL);
INSERT INTO "SPECTRA"."T_SYS_DICT_GROUP" VALUES (1942151722745933825, 1942142921347129346, '账号类型', 'sys_account_type', 0, '账号类型，一个用户可以有多个不同账号类型的账号，对应不同登录方式', '1', '0', 1927290201865945090, TO_TIMESTAMP('2025-07-07 17:20:29.000000', 'SYYYY-MM-DD HH24:MI:SS:FF6'), 1927290201865945090, TO_TIMESTAMP('2025-07-07 17:20:29.000000', 'SYYYY-MM-DD HH24:MI:SS:FF6'), NULL);
INSERT INTO "SPECTRA"."T_SYS_DICT_GROUP" VALUES (1942429096108576770, 1942150470595194881, '业务测试1', 'business_test_1', 0, NULL, '0', '0', 1927290201865945090, TO_TIMESTAMP('2025-07-08 11:42:40.000000', 'SYYYY-MM-DD HH24:MI:SS:FF6'), 1927290201865945090, TO_TIMESTAMP('2025-08-06 11:02:24.000000', 'SYYYY-MM-DD HH24:MI:SS:FF6'), NULL);
INSERT INTO "SPECTRA"."T_SYS_DICT_GROUP" VALUES (1944677668501757953, 1942142921347129346, '组织机构类型', 'sys_organization_type', 0, NULL, '1', '0', 1927290201865945090, TO_TIMESTAMP('2025-07-14 16:37:41.000000', 'SYYYY-MM-DD HH24:MI:SS:FF6'), 1927290201865945090, TO_TIMESTAMP('2025-07-14 16:37:41.000000', 'SYYYY-MM-DD HH24:MI:SS:FF6'), NULL);

-- ----------------------------
-- Table structure for T_SYS_MENU
-- ----------------------------
DROP TABLE IF EXISTS "SPECTRA"."T_SYS_MENU";
CREATE TABLE "SPECTRA"."T_SYS_MENU" (
  "ID" BIGINT NOT NULL,
  "NAME" VARCHAR(100) NOT NULL,
  "PID" BIGINT,
  "ICON" VARCHAR(100),
  "PATH" VARCHAR(255) NOT NULL,
  "COMPONENT" VARCHAR(100) NOT NULL,
  "LAYOUT" VARCHAR(100),
  "SORT" INTEGER DEFAULT 0,
  "CREATED_BY" BIGINT,
  "CREATED_AT" TIMESTAMP(6) NOT NULL,
  "UPDATED_BY" BIGINT,
  "UPDATED_AT" TIMESTAMP(6) NOT NULL,
  "DELETED" TIMESTAMP(6)
)
;
COMMENT ON COLUMN "SPECTRA"."T_SYS_MENU"."ID" IS '主键ID';
COMMENT ON COLUMN "SPECTRA"."T_SYS_MENU"."NAME" IS '名称';
COMMENT ON COLUMN "SPECTRA"."T_SYS_MENU"."PID" IS '父级ID';
COMMENT ON COLUMN "SPECTRA"."T_SYS_MENU"."ICON" IS '图标';
COMMENT ON COLUMN "SPECTRA"."T_SYS_MENU"."PATH" IS '请求路径';
COMMENT ON COLUMN "SPECTRA"."T_SYS_MENU"."COMPONENT" IS '组件路径,为空则使用布局组件';
COMMENT ON COLUMN "SPECTRA"."T_SYS_MENU"."LAYOUT" IS '布局';
COMMENT ON COLUMN "SPECTRA"."T_SYS_MENU"."SORT" IS '排序';
COMMENT ON COLUMN "SPECTRA"."T_SYS_MENU"."CREATED_BY" IS '创建人';
COMMENT ON COLUMN "SPECTRA"."T_SYS_MENU"."CREATED_AT" IS '创建时间';
COMMENT ON COLUMN "SPECTRA"."T_SYS_MENU"."UPDATED_BY" IS '最后更新人';
COMMENT ON COLUMN "SPECTRA"."T_SYS_MENU"."UPDATED_AT" IS '最后更新时间';
COMMENT ON COLUMN "SPECTRA"."T_SYS_MENU"."DELETED" IS '是否删除';

-- ----------------------------
-- Records of T_SYS_MENU
-- ----------------------------
INSERT INTO "SPECTRA"."T_SYS_MENU" VALUES (1929928379575111682, '系统管理', NULL, 'icon-setting', '/system', 'layout', 'layout', 0, 1927290201865945090, TO_TIMESTAMP('2025-06-05 11:37:46.000000', 'SYYYY-MM-DD HH24:MI:SS:FF6'), 1927290201865945090, TO_TIMESTAMP('2025-08-06 11:04:37.000000', 'SYYYY-MM-DD HH24:MI:SS:FF6'), NULL);
INSERT INTO "SPECTRA"."T_SYS_MENU" VALUES (1929928379667386370, '组件示例', NULL, 'icon-setting', '/example', 'layout', 'layout', 2, 1927290201865945090, TO_TIMESTAMP('2025-06-05 11:37:46.000000', 'SYYYY-MM-DD HH24:MI:SS:FF6'), 1927290201865945090, TO_TIMESTAMP('2025-07-23 16:59:53.000000', 'SYYYY-MM-DD HH24:MI:SS:FF6'), NULL);
INSERT INTO "SPECTRA"."T_SYS_MENU" VALUES (1929929620715778049, '用户管理', 1929928379575111682, 'icon-module', 'user', '/System/User/index', NULL, 0, 1927290201865945090, TO_TIMESTAMP('2025-06-05 11:37:46.000000', 'SYYYY-MM-DD HH24:MI:SS:FF6'), 1927290201865945090, TO_TIMESTAMP('2025-08-06 11:04:40.000000', 'SYYYY-MM-DD HH24:MI:SS:FF6'), NULL);
INSERT INTO "SPECTRA"."T_SYS_MENU" VALUES (1929929620753526785, '访问控制', 1929928379575111682, 'icon-module', 'RBAC', '/System/RBAC/index', NULL, 2, 1927290201865945090, TO_TIMESTAMP('2025-06-05 11:37:46.000000', 'SYYYY-MM-DD HH24:MI:SS:FF6'), 1927290201865945090, TO_TIMESTAMP('2025-06-12 10:03:39.000000', 'SYYYY-MM-DD HH24:MI:SS:FF6'), NULL);
INSERT INTO "SPECTRA"."T_SYS_MENU" VALUES (1929929620753526787, '字典管理', 1929928379575111682, 'icon-module', 'dict', '/System/Dict/index', NULL, 4, 1927290201865945090, TO_TIMESTAMP('2025-06-05 11:37:46.000000', 'SYYYY-MM-DD HH24:MI:SS:FF6'), 1927290201865945090, TO_TIMESTAMP('2025-06-12 10:03:46.000000', 'SYYYY-MM-DD HH24:MI:SS:FF6'), NULL);
INSERT INTO "SPECTRA"."T_SYS_MENU" VALUES (1929929620753526788, '定时任务', 1947937225978130433, 'icon-module', 'task', '/Monitor/Task/index', NULL, 2, 1927290201865945090, TO_TIMESTAMP('2025-06-05 11:37:46.000000', 'SYYYY-MM-DD HH24:MI:SS:FF6'), 1927290201865945090, TO_TIMESTAMP('2025-07-23 16:56:11.000000', 'SYYYY-MM-DD HH24:MI:SS:FF6'), NULL);
INSERT INTO "SPECTRA"."T_SYS_MENU" VALUES (1929929620753526789, '菜单管理', 1929928379575111682, 'icon-module', 'menu', '/System/Menu/index', NULL, 3, 1927290201865945090, TO_TIMESTAMP('2025-06-05 11:37:46.000000', 'SYYYY-MM-DD HH24:MI:SS:FF6'), 1927290201865945090, TO_TIMESTAMP('2025-06-12 10:03:43.000000', 'SYYYY-MM-DD HH24:MI:SS:FF6'), NULL);
INSERT INTO "SPECTRA"."T_SYS_MENU" VALUES (1929929620753526790, '文件存储', 1929928379575111682, 'icon-module', 'storage', '/System/Storage/index', NULL, 5, 1927290201865945090, TO_TIMESTAMP('2025-06-05 11:37:46.000000', 'SYYYY-MM-DD HH24:MI:SS:FF6'), 1927290201865945090, TO_TIMESTAMP('2025-06-12 10:03:49.000000', 'SYYYY-MM-DD HH24:MI:SS:FF6'), NULL);
INSERT INTO "SPECTRA"."T_SYS_MENU" VALUES (1929929620816441346, '图表示例', 1929928379667386370, 'icon-module', 'echarts', '/Example/Echarts/index', NULL, 3, 1927290201865945090, TO_TIMESTAMP('2025-06-05 11:37:46.000000', 'SYYYY-MM-DD HH24:MI:SS:FF6'), 1927290201865945090, TO_TIMESTAMP('2025-06-11 09:47:18.000000', 'SYYYY-MM-DD HH24:MI:SS:FF6'), NULL);
INSERT INTO "SPECTRA"."T_SYS_MENU" VALUES (1929929620816441347, '列表示例', 1929928379667386370, 'icon-module', 'table', '/Example/Table/index', NULL, 1, 1927290201865945090, TO_TIMESTAMP('2025-06-05 11:37:46.000000', 'SYYYY-MM-DD HH24:MI:SS:FF6'), 1927290201865945090, TO_TIMESTAMP('2025-06-11 09:47:10.000000', 'SYYYY-MM-DD HH24:MI:SS:FF6'), NULL);
INSERT INTO "SPECTRA"."T_SYS_MENU" VALUES (1929929620816441348, '表单示例', 1929928379667386370, 'icon-module', 'form', '/Example/Form/index', NULL, 2, 1927290201865945090, TO_TIMESTAMP('2025-06-05 11:37:46.000000', 'SYYYY-MM-DD HH24:MI:SS:FF6'), 1927290201865945090, TO_TIMESTAMP('2025-06-11 09:47:14.000000', 'SYYYY-MM-DD HH24:MI:SS:FF6'), NULL);
INSERT INTO "SPECTRA"."T_SYS_MENU" VALUES (1932983846772363266, '部门管理', 1929928379575111682, 'icon-module', 'dept', '/System/Dept/index', NULL, 1, 1927290201865945090, TO_TIMESTAMP('2025-06-12 10:10:37.000000', 'SYYYY-MM-DD HH24:MI:SS:FF6'), 1927290201865945090, TO_TIMESTAMP('2025-06-12 10:10:37.000000', 'SYYYY-MM-DD HH24:MI:SS:FF6'), NULL);
INSERT INTO "SPECTRA"."T_SYS_MENU" VALUES (1943557799479791617, 'Markdown', 1929928379667386370, 'icon-module', 'markdown', '/Example/Markdown/index', NULL, 4, 1927290201865945090, TO_TIMESTAMP('2025-07-11 14:27:44.000000', 'SYYYY-MM-DD HH24:MI:SS:FF6'), 1927290201865945090, TO_TIMESTAMP('2025-07-11 14:27:54.000000', 'SYYYY-MM-DD HH24:MI:SS:FF6'), NULL);
INSERT INTO "SPECTRA"."T_SYS_MENU" VALUES (1947937225978130433, '系统监控', NULL, 'icon-setting', '/monitor', 'layout', 'layout', 1, 1927290201865945090, TO_TIMESTAMP('2025-07-23 16:30:00.000000', 'SYYYY-MM-DD HH24:MI:SS:FF6'), 1927290201865945090, TO_TIMESTAMP('2025-07-23 16:59:59.000000', 'SYYYY-MM-DD HH24:MI:SS:FF6'), NULL);
INSERT INTO "SPECTRA"."T_SYS_MENU" VALUES (1947937675586547713, '数据监控', 1947937225978130433, 'icon-module', 'database', '/Monitor/Database/index', NULL, 1, 1927290201865945090, TO_TIMESTAMP('2025-07-23 16:31:47.000000', 'SYYYY-MM-DD HH24:MI:SS:FF6'), 1927290201865945090, TO_TIMESTAMP('2025-07-23 16:31:47.000000', 'SYYYY-MM-DD HH24:MI:SS:FF6'), NULL);
INSERT INTO "SPECTRA"."T_SYS_MENU" VALUES (1947943281978445825, '在线用户', 1947937225978130433, 'icon-module', 'online', '/Monitor/Online/index', NULL, 0, 1927290201865945090, TO_TIMESTAMP('2025-07-23 16:54:04.000000', 'SYYYY-MM-DD HH24:MI:SS:FF6'), 1927290201865945090, TO_TIMESTAMP('2025-07-23 16:55:35.000000', 'SYYYY-MM-DD HH24:MI:SS:FF6'), NULL);
INSERT INTO "SPECTRA"."T_SYS_MENU" VALUES (1947944068104261634, '服务监控', 1947937225978130433, 'icon-module', 'server', '/Monitor/Server/index', NULL, 3, 1927290201865945090, TO_TIMESTAMP('2025-07-23 16:57:12.000000', 'SYYYY-MM-DD HH24:MI:SS:FF6'), 1927290201865945090, TO_TIMESTAMP('2025-07-23 16:57:12.000000', 'SYYYY-MM-DD HH24:MI:SS:FF6'), NULL);
INSERT INTO "SPECTRA"."T_SYS_MENU" VALUES (1947944189344813057, '缓存监控', 1947937225978130433, 'icon-module', 'cache', '/Monitor/Cache/index', NULL, 4, 1927290201865945090, TO_TIMESTAMP('2025-07-23 16:57:40.000000', 'SYYYY-MM-DD HH24:MI:SS:FF6'), 1927290201865945090, TO_TIMESTAMP('2025-07-23 16:57:40.000000', 'SYYYY-MM-DD HH24:MI:SS:FF6'), NULL);

-- ----------------------------
-- Table structure for T_SYS_OPERATION_LOG
-- ----------------------------
DROP TABLE IF EXISTS "SPECTRA"."T_SYS_OPERATION_LOG";
CREATE TABLE "SPECTRA"."T_SYS_OPERATION_LOG" (
  "ID" BIGINT NOT NULL,
  "EXPLAIN" TEXT,
  "STATUS" SMALLINT,
  "IP" VARCHAR(15),
  "METHOD" VARCHAR(255),
  "URL" VARCHAR(255),
  "ARGS" BLOB,
  "RESULT" BLOB,
  "TIME_COST" BIGINT,
  "CREATED_BY" BIGINT,
  "CREATED_AT" TIMESTAMP(6) NOT NULL,
  "UPDATED_BY" BIGINT,
  "UPDATED_AT" TIMESTAMP(6) NOT NULL,
  "DELETED" TIMESTAMP(6)
)
;
COMMENT ON COLUMN "SPECTRA"."T_SYS_OPERATION_LOG"."ID" IS '主键ID';
COMMENT ON COLUMN "SPECTRA"."T_SYS_OPERATION_LOG"."EXPLAIN" IS '日志说明';
COMMENT ON COLUMN "SPECTRA"."T_SYS_OPERATION_LOG"."STATUS" IS '请求状态';
COMMENT ON COLUMN "SPECTRA"."T_SYS_OPERATION_LOG"."IP" IS '来源IP';
COMMENT ON COLUMN "SPECTRA"."T_SYS_OPERATION_LOG"."METHOD" IS '请求方法';
COMMENT ON COLUMN "SPECTRA"."T_SYS_OPERATION_LOG"."URL" IS '请求URL';
COMMENT ON COLUMN "SPECTRA"."T_SYS_OPERATION_LOG"."ARGS" IS '请求参数';
COMMENT ON COLUMN "SPECTRA"."T_SYS_OPERATION_LOG"."RESULT" IS '请求响应';
COMMENT ON COLUMN "SPECTRA"."T_SYS_OPERATION_LOG"."TIME_COST" IS '耗时';
COMMENT ON COLUMN "SPECTRA"."T_SYS_OPERATION_LOG"."CREATED_BY" IS '创建人';
COMMENT ON COLUMN "SPECTRA"."T_SYS_OPERATION_LOG"."CREATED_AT" IS '创建时间';
COMMENT ON COLUMN "SPECTRA"."T_SYS_OPERATION_LOG"."UPDATED_BY" IS '最后更新人';
COMMENT ON COLUMN "SPECTRA"."T_SYS_OPERATION_LOG"."UPDATED_AT" IS '最后更新时间';
COMMENT ON COLUMN "SPECTRA"."T_SYS_OPERATION_LOG"."DELETED" IS '是否删除';

-- ----------------------------
-- Records of T_SYS_OPERATION_LOG
-- ----------------------------
INSERT INTO "SPECTRA"."T_SYS_OPERATION_LOG" VALUES (1956291149395116033, '登录', 200, '127.0.0.1', 'POST', '/api/auth/login', NULL, HEXTORAW('7B226964223A2231393237323930323031383635393435303930222C22757365726E616D65223A2279616E67786A393640676D61696C2E636F6D222C226163636573735F746F6B656E223A2235663362373434372D656365312D346637622D383732352D303131643730323137333261222C22617574686F726974696573223A5B5D2C22726F6C6573223A5B224445565F41444D494E225D7D'), 214, 1927290201865945090, TO_TIMESTAMP('2025-08-15 17:45:30.805988', 'SYYYY-MM-DD HH24:MI:SS:FF6'), 1927290201865945090, TO_TIMESTAMP('2025-08-15 17:45:30.805988', 'SYYYY-MM-DD HH24:MI:SS:FF6'), NULL);
INSERT INTO "SPECTRA"."T_SYS_OPERATION_LOG" VALUES (1956291151597125634, '获取树形菜单', 200, '127.0.0.1', 'GET', '/api/menu/tree', NULL, HEXTORAW('5B7B226964223A2231393239393238333739353735313131363832222C2269636F6E223A2269636F6E2D73657474696E67222C226E616D65223A22E7B3BBE7BB9FE7AEA1E79086222C2270617468223A222F73797374656D222C22636F6D706F6E656E74223A226C61796F7574222C226C61796F7574223A226C61796F7574222C22736F7274223A302C226368696C6472656E223A5B7B226964223A2231393239393239363230373135373738303439222C22706964223A2231393239393238333739353735313131363832222C2269636F6E223A2269636F6E2D6D6F64756C65222C226E616D65223A22E794A8E688B7E7AEA1E79086222C2270617468223A2275736572222C22636F6D706F6E656E74223A222F53797374656D2F557365722F696E646578222C22736F7274223A302C226368696C6472656E223A5B5D7D2C7B226964223A2231393332393833383436373732333633323636222C22706964223A2231393239393238333739353735313131363832222C2269636F6E223A2269636F6E2D6D6F64756C65222C226E616D65223A22E983A8E997A8E7AEA1E79086222C2270617468223A2264657074222C22636F6D706F6E656E74223A222F53797374656D2F446570742F696E646578222C22736F7274223A312C226368696C6472656E223A5B5D7D2C7B226964223A2231393239393239363230373533353236373835222C22706964223A2231393239393238333739353735313131363832222C2269636F6E223A2269636F6E2D6D6F64756C65222C226E616D65223A22E8AEBFE997AEE68EA7E588B6222C2270617468223A2252424143222C22636F6D706F6E656E74223A222F53797374656D2F524241432F696E646578222C22736F7274223A322C226368696C6472656E223A5B5D7D2C7B226964223A2231393239393239363230373533353236373839222C22706964223A2231393239393238333739353735313131363832222C2269636F6E223A2269636F6E2D6D6F64756C65222C226E616D65223A22E88F9CE58D95E7AEA1E79086222C2270617468223A226D656E75222C22636F6D706F6E656E74223A222F53797374656D2F4D656E752F696E646578222C22736F7274223A332C226368696C6472656E223A5B5D7D2C7B226964223A2231393239393239363230373533353236373837222C22706964223A2231393239393238333739353735313131363832222C2269636F6E223A2269636F6E2D6D6F64756C65222C226E616D65223A22E5AD97E585B8E7AEA1E79086222C2270617468223A2264696374222C22636F6D706F6E656E74223A222F53797374656D2F446963742F696E646578222C22736F7274223A342C226368696C6472656E223A5B5D7D2C7B226964223A2231393239393239363230373533353236373930222C22706964223A2231393239393238333739353735313131363832222C2269636F6E223A2269636F6E2D6D6F64756C65222C226E616D65223A22E69687E4BBB6E5AD98E582A8222C2270617468223A2273746F72616765222C22636F6D706F6E656E74223A222F53797374656D2F53746F726167652F696E646578222C22736F7274223A352C226368696C6472656E223A5B5D7D5D7D2C7B226964223A2231393437393337323235393738313330343333222C2269636F6E223A2269636F6E2D73657474696E67222C226E616D65223A22E7B3BBE7BB9FE79B91E68EA7222C2270617468223A222F6D6F6E69746F72222C22636F6D706F6E656E74223A226C61796F7574222C226C61796F7574223A226C61796F7574222C22736F7274223A312C226368696C6472656E223A5B7B226964223A2231393437393433323831393738343435383235222C22706964223A2231393437393337323235393738313330343333222C2269636F6E223A2269636F6E2D6D6F64756C65222C226E616D65223A22E59CA8E7BABFE794A8E688B7222C2270617468223A226F6E6C696E65222C22636F6D706F6E656E74223A222F4D6F6E69746F722F4F6E6C696E652F696E646578222C22736F7274223A302C226368696C6472656E223A5B5D7D2C7B226964223A2231393437393337363735353836353437373133222C22706964223A2231393437393337323235393738313330343333222C2269636F6E223A2269636F6E2D6D6F64756C65222C226E616D65223A22E695B0E68DAEE79B91E68EA7222C2270617468223A226461746162617365222C22636F6D706F6E656E74223A222F4D6F6E69746F722F44617461626173652F696E646578222C22736F7274223A312C226368696C6472656E223A5B5D7D2C7B226964223A2231393239393239363230373533353236373838222C22706964223A2231393437393337323235393738313330343333222C2269636F6E223A2269636F6E2D6D6F64756C65222C226E616D65223A22E5AE9AE697B6E4BBBBE58AA1222C2270617468223A227461736B222C22636F6D706F6E656E74223A222F4D6F6E69746F722F5461736B2F696E646578222C22736F7274223A322C226368696C6472656E223A5B5D7D2C7B226964223A2231393437393434303638313034323631363334222C22706964223A2231393437393337323235393738313330343333222C2269636F6E223A2269636F6E2D6D6F64756C65222C226E616D65223A22E69C8DE58AA1E79B91E68EA7222C2270617468223A22736572766572222C22636F6D706F6E656E74223A222F4D6F6E69746F722F5365727665722F696E646578222C22736F7274223A332C226368696C6472656E223A5B5D7D2C7B226964223A2231393437393434313839333434383133303537222C22706964223A2231393437393337323235393738313330343333222C2269636F6E223A2269636F6E2D6D6F64756C65222C226E616D65223A22E7BC93E5AD98E79B91E68EA7222C2270617468223A226361636865222C22636F6D706F6E656E74223A222F4D6F6E69746F722F43616368652F696E646578222C22736F7274223A342C226368696C6472656E223A5B5D7D5D7D2C7B226964223A2231393239393238333739363637333836333730222C2269636F6E223A2269636F6E2D73657474696E67222C226E616D65223A22E7BB84E4BBB6E7A4BAE4BE8B222C2270617468223A222F6578616D706C65222C22636F6D706F6E656E74223A226C61796F7574222C226C61796F7574223A226C61796F7574222C22736F7274223A322C226368696C6472656E223A5B7B226964223A2231393239393239363230383136343431333437222C22706964223A2231393239393238333739363637333836333730222C2269636F6E223A2269636F6E2D6D6F64756C65222C226E616D65223A22E58897E8A1A8E7A4BAE4BE8B222C2270617468223A227461626C65222C22636F6D706F6E656E74223A222F4578616D706C652F5461626C652F696E646578222C22736F7274223A312C226368696C6472656E223A5B5D7D2C7B226964223A2231393239393239363230383136343431333438222C22706964223A2231393239393238333739363637333836333730222C2269636F6E223A2269636F6E2D6D6F64756C65222C226E616D65223A22E8A1A8E58D95E7A4BAE4BE8B222C2270617468223A22666F726D222C22636F6D706F6E656E74223A222F4578616D706C652F466F726D2F696E646578222C22736F7274223A322C226368696C6472656E223A5B5D7D2C7B226964223A2231393239393239363230383136343431333436222C22706964223A2231393239393238333739363637333836333730222C2269636F6E223A2269636F6E2D6D6F64756C65222C226E616D65223A22E59BBEE8A1A8E7A4BAE4BE8B222C2270617468223A2265636861727473222C22636F6D706F6E656E74223A222F4578616D706C652F456368617274732F696E646578222C22736F7274223A332C226368696C6472656E223A5B5D7D2C7B226964223A2231393433353537373939343739373931363137222C22706964223A2231393239393238333739363637333836333730222C2269636F6E223A2269636F6E2D6D6F64756C65222C226E616D65223A224D61726B646F776E222C2270617468223A226D61726B646F776E222C22636F6D706F6E656E74223A222F4578616D706C652F4D61726B646F776E2F696E646578222C22736F7274223A342C226368696C6472656E223A5B5D7D5D7D5D'), 18, 1927290201865945090, TO_TIMESTAMP('2025-08-15 17:45:31.337629', 'SYYYY-MM-DD HH24:MI:SS:FF6'), 1927290201865945090, TO_TIMESTAMP('2025-08-15 17:45:31.337629', 'SYYYY-MM-DD HH24:MI:SS:FF6'), NULL);
INSERT INTO "SPECTRA"."T_SYS_OPERATION_LOG" VALUES (1956291159692132353, '获取组织机构树形列表', 200, '127.0.0.1', 'GET', '/api/organization/tree', NULL, HEXTORAW('5B7B226964223A2231393434363739373132353037373630363431222C226E616D65223A22E98193E4B880E7A791E68A80222C22636F6465223A224F52475F524F4F54222C2274797065223A312C2261646472657373223A22E4B8ADE59BBD222C226368696C6472656E223A5B7B226964223A2231393434363934353232393433323432323432222C22706964223A2231393434363739373132353037373630363431222C226E616D65223A22E4B89CE983A8E5A4A7E58CBA222C22636F6465223A224F52475F45415354222C2274797065223A322C2261646472657373223A22E4B89CE983A8E5A4A7E58CBA222C2272656D61726B223A22E695B4E4B8AAE4B89CE983A8E5A4A7E58CBAE79BB8E585B3E79A84227D2C7B226964223A2231393434363934363636333530363930333036222C22706964223A2231393434363739373132353037373630363431222C226E616D65223A22E4BA91E58D97E58886E585ACE58FB8222C22636F6465223A224F52475F59554E4E414E222C2274797065223A322C2261646472657373223A22E58D97E983A8E5A4A7E58CBA222C2272656D61726B223A22E695B4E4B8AAE58D97E983A8E5A4A7E58CBAE79BB8E585B3E79A84222C226368696C6472656E223A5B7B226964223A2231393434373130313031313637323236383832222C22706964223A2231393434363934363636333530363930333036222C226E616D65223A22E69886E6988EE58886E585ACE58FB8222C22636F6465223A224F52475F4B554E4D494E47222C2274797065223A337D5D7D2C7B226964223A2231393434363934383030343830333337393231222C22706964223A2231393434363739373132353037373630363431222C226E616D65223A22E8B4B5E5B79EE58886E585ACE58FB8222C22636F6465223A224F52475F4755495A484F55222C2274797065223A327D2C7B226964223A2231393532393134343338383432343538313134222C22706964223A2231393434363739373132353037373630363431222C226E616D65223A22E59B9BE5B79DE58886E585ACE58FB8222C22636F6465223A224F52475F5349434855414E222C2274797065223A327D5D7D5D'), 29, 1927290201865945090, TO_TIMESTAMP('2025-08-15 17:45:33.262180', 'SYYYY-MM-DD HH24:MI:SS:FF6'), 1927290201865945090, TO_TIMESTAMP('2025-08-15 17:45:33.262180', 'SYYYY-MM-DD HH24:MI:SS:FF6'), NULL);
INSERT INTO "SPECTRA"."T_SYS_OPERATION_LOG" VALUES (1956291159692132354, '查询角色列表', 200, '127.0.0.1', 'GET', '/api/permission/role/list', NULL, HEXTORAW('5B7B226964223A2231393332363832313839353933333530313436222C226E616D65223A22E8BF90E7BBB4E7AEA1E79086E59198222C227374617465223A747275652C2273636F7065223A322C2272656D61726B223A22E8BF90E7BBB4E4BABAE59198E4BDBFE794A82CE585A8E5B180E88C83E59BB42CE68BA5E69C89E68980E69C89E69D83E99990227D2C7B226964223A2231393332363835373835383032313632313738222C226E616D65223A22E7B3BBE7BB9FE7AEA1E79086E59198222C227374617465223A747275652C2273636F7065223A302C2272656D61726B223A22E7B3BBE7BB9FE7AEA1E79086E591982CE7AEA1E79086E695B4E4B8AAE7B3BBE7BB9FE79A842CE4BD86E698AFE79C8BE4B88DE588B0E7B3BBE7BB9FE8BF90E7BBB4E79BB8E585B3E79A84E4B880E4BA9BE58685E5AEB9227D5D'), 37, 1927290201865945090, TO_TIMESTAMP('2025-08-15 17:45:33.268179', 'SYYYY-MM-DD HH24:MI:SS:FF6'), 1927290201865945090, TO_TIMESTAMP('2025-08-15 17:45:33.268179', 'SYYYY-MM-DD HH24:MI:SS:FF6'), NULL);
INSERT INTO "SPECTRA"."T_SYS_OPERATION_LOG" VALUES (1956291160224808962, '分页查询用户列表', 200, '127.0.0.1', 'GET', '/api/user/page', NULL, HEXTORAW('7B227265636F726473223A5B7B226964223A2231393337333534343230373039373131383733222C226E616D65223A22E8B685E7BAA7E7AEA1E79086E59198222C22656D61696C223A2273797361646D696E40312E636F6D222C227374617465223A302C22726F6C6573223A5B7B226964223A2231393332363835373835383032313632313738222C226E616D65223A22E7B3BBE7BB9FE7AEA1E79086E59198222C227374617465223A747275652C2273636F7065223A302C2272656D61726B223A22E7B3BBE7BB9FE7AEA1E79086E591982CE7AEA1E79086E695B4E4B8AAE7B3BBE7BB9FE79A842CE4BD86E698AFE79C8BE4B88DE588B0E7B3BBE7BB9FE8BF90E7BBB4E79BB8E585B3E79A84E4B880E4BA9BE58685E5AEB9227D5D2C226F7267616E697A6174696F6E5F6964223A2231393434363739373132353037373630363431222C226F7267616E697A6174696F6E5F6E616D65223A22E98193E4B880E7A791E68A80227D2C7B226964223A2231393337373036353836383133313639363635222C226E616D65223A22E6B58BE8AF95E794A8E688B7222C22656D61696C223A22636573686940312E636F6D222C227374617465223A312C226F7267616E697A6174696F6E5F6964223A2231393434363739373132353037373630363431222C226F7267616E697A6174696F6E5F6E616D65223A22E98193E4B880E7A791E68A80227D5D2C22746F74616C223A322C2273697A65223A3130302C2263757272656E74223A312C227061676573223A317D'), 116, 1927290201865945090, TO_TIMESTAMP('2025-08-15 17:45:33.399974', 'SYYYY-MM-DD HH24:MI:SS:FF6'), 1927290201865945090, TO_TIMESTAMP('2025-08-15 17:45:33.399974', 'SYYYY-MM-DD HH24:MI:SS:FF6'), NULL);
INSERT INTO "SPECTRA"."T_SYS_OPERATION_LOG" VALUES (1956291160421941250, '根据类型编码获取字典数据', 200, '127.0.0.1', 'GET', '/api/dict/data/sys_user_state', NULL, NULL, 11, 1927290201865945090, TO_TIMESTAMP('2025-08-15 17:45:33.443976', 'SYYYY-MM-DD HH24:MI:SS:FF6'), 1927290201865945090, TO_TIMESTAMP('2025-08-15 17:45:33.443976', 'SYYYY-MM-DD HH24:MI:SS:FF6'), NULL);
INSERT INTO "SPECTRA"."T_SYS_OPERATION_LOG" VALUES (1956291160556158978, '根据类型编码获取字典数据', 200, '127.0.0.1', 'GET', '/api/dict/data/sys_user_state', NULL, NULL, 10, 1927290201865945090, TO_TIMESTAMP('2025-08-15 17:45:33.471974', 'SYYYY-MM-DD HH24:MI:SS:FF6'), 1927290201865945090, TO_TIMESTAMP('2025-08-15 17:45:33.471974', 'SYYYY-MM-DD HH24:MI:SS:FF6'), NULL);
INSERT INTO "SPECTRA"."T_SYS_OPERATION_LOG" VALUES (1956291494649249794, 'token检查', 200, '127.0.0.1', 'POST', '/api/auth/check', NULL, NULL, 1, 1927290201865945090, TO_TIMESTAMP('2025-08-15 17:46:53.130981', 'SYYYY-MM-DD HH24:MI:SS:FF6'), 1927290201865945090, TO_TIMESTAMP('2025-08-15 17:46:53.130981', 'SYYYY-MM-DD HH24:MI:SS:FF6'), NULL);
INSERT INTO "SPECTRA"."T_SYS_OPERATION_LOG" VALUES (1956291494712164353, '获取树形菜单', 200, '127.0.0.1', 'GET', '/api/menu/tree', NULL, HEXTORAW('5B7B226964223A2231393239393238333739353735313131363832222C2269636F6E223A2269636F6E2D73657474696E67222C226E616D65223A22E7B3BBE7BB9FE7AEA1E79086222C2270617468223A222F73797374656D222C22636F6D706F6E656E74223A226C61796F7574222C226C61796F7574223A226C61796F7574222C22736F7274223A302C226368696C6472656E223A5B7B226964223A2231393239393239363230373135373738303439222C22706964223A2231393239393238333739353735313131363832222C2269636F6E223A2269636F6E2D6D6F64756C65222C226E616D65223A22E794A8E688B7E7AEA1E79086222C2270617468223A2275736572222C22636F6D706F6E656E74223A222F53797374656D2F557365722F696E646578222C22736F7274223A302C226368696C6472656E223A5B5D7D2C7B226964223A2231393332393833383436373732333633323636222C22706964223A2231393239393238333739353735313131363832222C2269636F6E223A2269636F6E2D6D6F64756C65222C226E616D65223A22E983A8E997A8E7AEA1E79086222C2270617468223A2264657074222C22636F6D706F6E656E74223A222F53797374656D2F446570742F696E646578222C22736F7274223A312C226368696C6472656E223A5B5D7D2C7B226964223A2231393239393239363230373533353236373835222C22706964223A2231393239393238333739353735313131363832222C2269636F6E223A2269636F6E2D6D6F64756C65222C226E616D65223A22E8AEBFE997AEE68EA7E588B6222C2270617468223A2252424143222C22636F6D706F6E656E74223A222F53797374656D2F524241432F696E646578222C22736F7274223A322C226368696C6472656E223A5B5D7D2C7B226964223A2231393239393239363230373533353236373839222C22706964223A2231393239393238333739353735313131363832222C2269636F6E223A2269636F6E2D6D6F64756C65222C226E616D65223A22E88F9CE58D95E7AEA1E79086222C2270617468223A226D656E75222C22636F6D706F6E656E74223A222F53797374656D2F4D656E752F696E646578222C22736F7274223A332C226368696C6472656E223A5B5D7D2C7B226964223A2231393239393239363230373533353236373837222C22706964223A2231393239393238333739353735313131363832222C2269636F6E223A2269636F6E2D6D6F64756C65222C226E616D65223A22E5AD97E585B8E7AEA1E79086222C2270617468223A2264696374222C22636F6D706F6E656E74223A222F53797374656D2F446963742F696E646578222C22736F7274223A342C226368696C6472656E223A5B5D7D2C7B226964223A2231393239393239363230373533353236373930222C22706964223A2231393239393238333739353735313131363832222C2269636F6E223A2269636F6E2D6D6F64756C65222C226E616D65223A22E69687E4BBB6E5AD98E582A8222C2270617468223A2273746F72616765222C22636F6D706F6E656E74223A222F53797374656D2F53746F726167652F696E646578222C22736F7274223A352C226368696C6472656E223A5B5D7D5D7D2C7B226964223A2231393437393337323235393738313330343333222C2269636F6E223A2269636F6E2D73657474696E67222C226E616D65223A22E7B3BBE7BB9FE79B91E68EA7222C2270617468223A222F6D6F6E69746F72222C22636F6D706F6E656E74223A226C61796F7574222C226C61796F7574223A226C61796F7574222C22736F7274223A312C226368696C6472656E223A5B7B226964223A2231393437393433323831393738343435383235222C22706964223A2231393437393337323235393738313330343333222C2269636F6E223A2269636F6E2D6D6F64756C65222C226E616D65223A22E59CA8E7BABFE794A8E688B7222C2270617468223A226F6E6C696E65222C22636F6D706F6E656E74223A222F4D6F6E69746F722F4F6E6C696E652F696E646578222C22736F7274223A302C226368696C6472656E223A5B5D7D2C7B226964223A2231393437393337363735353836353437373133222C22706964223A2231393437393337323235393738313330343333222C2269636F6E223A2269636F6E2D6D6F64756C65222C226E616D65223A22E695B0E68DAEE79B91E68EA7222C2270617468223A226461746162617365222C22636F6D706F6E656E74223A222F4D6F6E69746F722F44617461626173652F696E646578222C22736F7274223A312C226368696C6472656E223A5B5D7D2C7B226964223A2231393239393239363230373533353236373838222C22706964223A2231393437393337323235393738313330343333222C2269636F6E223A2269636F6E2D6D6F64756C65222C226E616D65223A22E5AE9AE697B6E4BBBBE58AA1222C2270617468223A227461736B222C22636F6D706F6E656E74223A222F4D6F6E69746F722F5461736B2F696E646578222C22736F7274223A322C226368696C6472656E223A5B5D7D2C7B226964223A2231393437393434303638313034323631363334222C22706964223A2231393437393337323235393738313330343333222C2269636F6E223A2269636F6E2D6D6F64756C65222C226E616D65223A22E69C8DE58AA1E79B91E68EA7222C2270617468223A22736572766572222C22636F6D706F6E656E74223A222F4D6F6E69746F722F5365727665722F696E646578222C22736F7274223A332C226368696C6472656E223A5B5D7D2C7B226964223A2231393437393434313839333434383133303537222C22706964223A2231393437393337323235393738313330343333222C2269636F6E223A2269636F6E2D6D6F64756C65222C226E616D65223A22E7BC93E5AD98E79B91E68EA7222C2270617468223A226361636865222C22636F6D706F6E656E74223A222F4D6F6E69746F722F43616368652F696E646578222C22736F7274223A342C226368696C6472656E223A5B5D7D5D7D2C7B226964223A2231393239393238333739363637333836333730222C2269636F6E223A2269636F6E2D73657474696E67222C226E616D65223A22E7BB84E4BBB6E7A4BAE4BE8B222C2270617468223A222F6578616D706C65222C22636F6D706F6E656E74223A226C61796F7574222C226C61796F7574223A226C61796F7574222C22736F7274223A322C226368696C6472656E223A5B7B226964223A2231393239393239363230383136343431333437222C22706964223A2231393239393238333739363637333836333730222C2269636F6E223A2269636F6E2D6D6F64756C65222C226E616D65223A22E58897E8A1A8E7A4BAE4BE8B222C2270617468223A227461626C65222C22636F6D706F6E656E74223A222F4578616D706C652F5461626C652F696E646578222C22736F7274223A312C226368696C6472656E223A5B5D7D2C7B226964223A2231393239393239363230383136343431333438222C22706964223A2231393239393238333739363637333836333730222C2269636F6E223A2269636F6E2D6D6F64756C65222C226E616D65223A22E8A1A8E58D95E7A4BAE4BE8B222C2270617468223A22666F726D222C22636F6D706F6E656E74223A222F4578616D706C652F466F726D2F696E646578222C22736F7274223A322C226368696C6472656E223A5B5D7D2C7B226964223A2231393239393239363230383136343431333436222C22706964223A2231393239393238333739363637333836333730222C2269636F6E223A2269636F6E2D6D6F64756C65222C226E616D65223A22E59BBEE8A1A8E7A4BAE4BE8B222C2270617468223A2265636861727473222C22636F6D706F6E656E74223A222F4578616D706C652F456368617274732F696E646578222C22736F7274223A332C226368696C6472656E223A5B5D7D2C7B226964223A2231393433353537373939343739373931363137222C22706964223A2231393239393238333739363637333836333730222C2269636F6E223A2269636F6E2D6D6F64756C65222C226E616D65223A224D61726B646F776E222C2270617468223A226D61726B646F776E222C22636F6D706F6E656E74223A222F4578616D706C652F4D61726B646F776E2F696E646578222C22736F7274223A342C226368696C6472656E223A5B5D7D5D7D5D'), 9, 1927290201865945090, TO_TIMESTAMP('2025-08-15 17:46:53.140981', 'SYYYY-MM-DD HH24:MI:SS:FF6'), 1927290201865945090, TO_TIMESTAMP('2025-08-15 17:46:53.140981', 'SYYYY-MM-DD HH24:MI:SS:FF6'), NULL);
INSERT INTO "SPECTRA"."T_SYS_OPERATION_LOG" VALUES (1956291495366475777, '查询角色列表', 200, '127.0.0.1', 'GET', '/api/permission/role/list', NULL, HEXTORAW('5B7B226964223A2231393332363832313839353933333530313436222C226E616D65223A22E8BF90E7BBB4E7AEA1E79086E59198222C227374617465223A747275652C2273636F7065223A322C2272656D61726B223A22E8BF90E7BBB4E4BABAE59198E4BDBFE794A82CE585A8E5B180E88C83E59BB42CE68BA5E69C89E68980E69C89E69D83E99990227D2C7B226964223A2231393332363835373835383032313632313738222C226E616D65223A22E7B3BBE7BB9FE7AEA1E79086E59198222C227374617465223A747275652C2273636F7065223A302C2272656D61726B223A22E7B3BBE7BB9FE7AEA1E79086E591982CE7AEA1E79086E695B4E4B8AAE7B3BBE7BB9FE79A842CE4BD86E698AFE79C8BE4B88DE588B0E7B3BBE7BB9FE8BF90E7BBB4E79BB8E585B3E79A84E4B880E4BA9BE58685E5AEB9227D5D'), 6, 1927290201865945090, TO_TIMESTAMP('2025-08-15 17:46:53.292020', 'SYYYY-MM-DD HH24:MI:SS:FF6'), 1927290201865945090, TO_TIMESTAMP('2025-08-15 17:46:53.292020', 'SYYYY-MM-DD HH24:MI:SS:FF6'), NULL);
INSERT INTO "SPECTRA"."T_SYS_OPERATION_LOG" VALUES (1956291495366475778, '获取组织机构树形列表', 200, '127.0.0.1', 'GET', '/api/organization/tree', NULL, HEXTORAW('5B7B226964223A2231393434363739373132353037373630363431222C226E616D65223A22E98193E4B880E7A791E68A80222C22636F6465223A224F52475F524F4F54222C2274797065223A312C2261646472657373223A22E4B8ADE59BBD222C226368696C6472656E223A5B7B226964223A2231393434363934353232393433323432323432222C22706964223A2231393434363739373132353037373630363431222C226E616D65223A22E4B89CE983A8E5A4A7E58CBA222C22636F6465223A224F52475F45415354222C2274797065223A322C2261646472657373223A22E4B89CE983A8E5A4A7E58CBA222C2272656D61726B223A22E695B4E4B8AAE4B89CE983A8E5A4A7E58CBAE79BB8E585B3E79A84227D2C7B226964223A2231393434363934363636333530363930333036222C22706964223A2231393434363739373132353037373630363431222C226E616D65223A22E4BA91E58D97E58886E585ACE58FB8222C22636F6465223A224F52475F59554E4E414E222C2274797065223A322C2261646472657373223A22E58D97E983A8E5A4A7E58CBA222C2272656D61726B223A22E695B4E4B8AAE58D97E983A8E5A4A7E58CBAE79BB8E585B3E79A84222C226368696C6472656E223A5B7B226964223A2231393434373130313031313637323236383832222C22706964223A2231393434363934363636333530363930333036222C226E616D65223A22E69886E6988EE58886E585ACE58FB8222C22636F6465223A224F52475F4B554E4D494E47222C2274797065223A337D5D7D2C7B226964223A2231393434363934383030343830333337393231222C22706964223A2231393434363739373132353037373630363431222C226E616D65223A22E8B4B5E5B79EE58886E585ACE58FB8222C22636F6465223A224F52475F4755495A484F55222C2274797065223A327D2C7B226964223A2231393532393134343338383432343538313134222C22706964223A2231393434363739373132353037373630363431222C226E616D65223A22E59B9BE5B79DE58886E585ACE58FB8222C22636F6465223A224F52475F5349434855414E222C2274797065223A327D5D7D5D'), 7, 1927290201865945090, TO_TIMESTAMP('2025-08-15 17:46:53.292020', 'SYYYY-MM-DD HH24:MI:SS:FF6'), 1927290201865945090, TO_TIMESTAMP('2025-08-15 17:46:53.292020', 'SYYYY-MM-DD HH24:MI:SS:FF6'), NULL);
INSERT INTO "SPECTRA"."T_SYS_OPERATION_LOG" VALUES (1956291495643299842, '分页查询用户列表', 200, '127.0.0.1', 'GET', '/api/user/page', NULL, HEXTORAW('7B227265636F726473223A5B7B226964223A2231393337333534343230373039373131383733222C226E616D65223A22E8B685E7BAA7E7AEA1E79086E59198222C22656D61696C223A2273797361646D696E40312E636F6D222C227374617465223A302C22726F6C6573223A5B7B226964223A2231393332363835373835383032313632313738222C226E616D65223A22E7B3BBE7BB9FE7AEA1E79086E59198222C227374617465223A747275652C2273636F7065223A302C2272656D61726B223A22E7B3BBE7BB9FE7AEA1E79086E591982CE7AEA1E79086E695B4E4B8AAE7B3BBE7BB9FE79A842CE4BD86E698AFE79C8BE4B88DE588B0E7B3BBE7BB9FE8BF90E7BBB4E79BB8E585B3E79A84E4B880E4BA9BE58685E5AEB9227D5D2C226F7267616E697A6174696F6E5F6964223A2231393434363739373132353037373630363431222C226F7267616E697A6174696F6E5F6E616D65223A22E98193E4B880E7A791E68A80227D2C7B226964223A2231393337373036353836383133313639363635222C226E616D65223A22E6B58BE8AF95E794A8E688B7222C22656D61696C223A22636573686940312E636F6D222C227374617465223A312C226F7267616E697A6174696F6E5F6964223A2231393434363739373132353037373630363431222C226F7267616E697A6174696F6E5F6E616D65223A22E98193E4B880E7A791E68A80227D5D2C22746F74616C223A322C2273697A65223A3130302C2263757272656E74223A312C227061676573223A317D'), 38, 1927290201865945090, TO_TIMESTAMP('2025-08-15 17:46:53.357665', 'SYYYY-MM-DD HH24:MI:SS:FF6'), 1927290201865945090, TO_TIMESTAMP('2025-08-15 17:46:53.357665', 'SYYYY-MM-DD HH24:MI:SS:FF6'), NULL);
INSERT INTO "SPECTRA"."T_SYS_OPERATION_LOG" VALUES (1956291495819460610, '根据类型编码获取字典数据', 200, '127.0.0.1', 'GET', '/api/dict/data/sys_user_state', NULL, HEXTORAW('5B7B226964223A2231393432313433323238303535363039333435222C22676964223A2231393432313432373930373439303835363938222C226C6162656C223A22E6ADA3E5B8B8222C2276616C7565223A2230222C22736F7274223A3939392C227374617465223A302C2272656D61726B223A22E6ADA3E5B8B8227D2C7B226964223A2231393432313433323731363535333939343235222C22676964223A2231393432313432373930373439303835363938222C226C6162656C223A22E586BBE7BB93222C2276616C7565223A2231222C22736F7274223A3939392C227374617465223A302C2272656D61726B223A22E586BBE7BB93227D2C7B226964223A2231393432313433333235393038373231363635222C22676964223A2231393432313432373930373439303835363938222C226C6162656C223A22E5B081E7A681222C2276616C7565223A2232222C22736F7274223A3939392C227374617465223A302C2272656D61726B223A22E5B081E7A681227D5D'), 29, 1927290201865945090, TO_TIMESTAMP('2025-08-15 17:46:53.404667', 'SYYYY-MM-DD HH24:MI:SS:FF6'), 1927290201865945090, TO_TIMESTAMP('2025-08-15 17:46:53.404667', 'SYYYY-MM-DD HH24:MI:SS:FF6'), NULL);
INSERT INTO "SPECTRA"."T_SYS_OPERATION_LOG" VALUES (1956291509086044162, '退出登录', 200, '127.0.0.1', 'POST', '/api/auth/logout', NULL, NULL, 8, NULL, TO_TIMESTAMP('2025-08-15 17:46:56.567916', 'SYYYY-MM-DD HH24:MI:SS:FF6'), NULL, TO_TIMESTAMP('2025-08-15 17:46:56.568916', 'SYYYY-MM-DD HH24:MI:SS:FF6'), NULL);
INSERT INTO "SPECTRA"."T_SYS_OPERATION_LOG" VALUES (1956291618670571522, '登录', 200, '127.0.0.1', 'POST', '/api/auth/login', NULL, HEXTORAW('7B226964223A2231393237323930323031383635393435303930222C22757365726E616D65223A2279616E67786A393640676D61696C2E636F6D222C226163636573735F746F6B656E223A2239313566653538362D613163612D346165342D613435622D653235316530626239656431222C22617574686F726974696573223A5B5D2C22726F6C6573223A5B224445565F41444D494E225D7D'), 529, 1927290201865945090, TO_TIMESTAMP('2025-08-15 17:47:22.689885', 'SYYYY-MM-DD HH24:MI:SS:FF6'), 1927290201865945090, TO_TIMESTAMP('2025-08-15 17:47:22.689885', 'SYYYY-MM-DD HH24:MI:SS:FF6'), NULL);
INSERT INTO "SPECTRA"."T_SYS_OPERATION_LOG" VALUES (1956291620943884289, '获取树形菜单', 200, '127.0.0.1', 'GET', '/api/menu/tree', NULL, HEXTORAW('5B7B226964223A2231393239393238333739353735313131363832222C2269636F6E223A2269636F6E2D73657474696E67222C226E616D65223A22E7B3BBE7BB9FE7AEA1E79086222C2270617468223A222F73797374656D222C22636F6D706F6E656E74223A226C61796F7574222C226C61796F7574223A226C61796F7574222C22736F7274223A302C226368696C6472656E223A5B7B226964223A2231393239393239363230373135373738303439222C22706964223A2231393239393238333739353735313131363832222C2269636F6E223A2269636F6E2D6D6F64756C65222C226E616D65223A22E794A8E688B7E7AEA1E79086222C2270617468223A2275736572222C22636F6D706F6E656E74223A222F53797374656D2F557365722F696E646578222C22736F7274223A302C226368696C6472656E223A5B5D7D2C7B226964223A2231393332393833383436373732333633323636222C22706964223A2231393239393238333739353735313131363832222C2269636F6E223A2269636F6E2D6D6F64756C65222C226E616D65223A22E983A8E997A8E7AEA1E79086222C2270617468223A2264657074222C22636F6D706F6E656E74223A222F53797374656D2F446570742F696E646578222C22736F7274223A312C226368696C6472656E223A5B5D7D2C7B226964223A2231393239393239363230373533353236373835222C22706964223A2231393239393238333739353735313131363832222C2269636F6E223A2269636F6E2D6D6F64756C65222C226E616D65223A22E8AEBFE997AEE68EA7E588B6222C2270617468223A2252424143222C22636F6D706F6E656E74223A222F53797374656D2F524241432F696E646578222C22736F7274223A322C226368696C6472656E223A5B5D7D2C7B226964223A2231393239393239363230373533353236373839222C22706964223A2231393239393238333739353735313131363832222C2269636F6E223A2269636F6E2D6D6F64756C65222C226E616D65223A22E88F9CE58D95E7AEA1E79086222C2270617468223A226D656E75222C22636F6D706F6E656E74223A222F53797374656D2F4D656E752F696E646578222C22736F7274223A332C226368696C6472656E223A5B5D7D2C7B226964223A2231393239393239363230373533353236373837222C22706964223A2231393239393238333739353735313131363832222C2269636F6E223A2269636F6E2D6D6F64756C65222C226E616D65223A22E5AD97E585B8E7AEA1E79086222C2270617468223A2264696374222C22636F6D706F6E656E74223A222F53797374656D2F446963742F696E646578222C22736F7274223A342C226368696C6472656E223A5B5D7D2C7B226964223A2231393239393239363230373533353236373930222C22706964223A2231393239393238333739353735313131363832222C2269636F6E223A2269636F6E2D6D6F64756C65222C226E616D65223A22E69687E4BBB6E5AD98E582A8222C2270617468223A2273746F72616765222C22636F6D706F6E656E74223A222F53797374656D2F53746F726167652F696E646578222C22736F7274223A352C226368696C6472656E223A5B5D7D5D7D2C7B226964223A2231393437393337323235393738313330343333222C2269636F6E223A2269636F6E2D73657474696E67222C226E616D65223A22E7B3BBE7BB9FE79B91E68EA7222C2270617468223A222F6D6F6E69746F72222C22636F6D706F6E656E74223A226C61796F7574222C226C61796F7574223A226C61796F7574222C22736F7274223A312C226368696C6472656E223A5B7B226964223A2231393437393433323831393738343435383235222C22706964223A2231393437393337323235393738313330343333222C2269636F6E223A2269636F6E2D6D6F64756C65222C226E616D65223A22E59CA8E7BABFE794A8E688B7222C2270617468223A226F6E6C696E65222C22636F6D706F6E656E74223A222F4D6F6E69746F722F4F6E6C696E652F696E646578222C22736F7274223A302C226368696C6472656E223A5B5D7D2C7B226964223A2231393437393337363735353836353437373133222C22706964223A2231393437393337323235393738313330343333222C2269636F6E223A2269636F6E2D6D6F64756C65222C226E616D65223A22E695B0E68DAEE79B91E68EA7222C2270617468223A226461746162617365222C22636F6D706F6E656E74223A222F4D6F6E69746F722F44617461626173652F696E646578222C22736F7274223A312C226368696C6472656E223A5B5D7D2C7B226964223A2231393239393239363230373533353236373838222C22706964223A2231393437393337323235393738313330343333222C2269636F6E223A2269636F6E2D6D6F64756C65222C226E616D65223A22E5AE9AE697B6E4BBBBE58AA1222C2270617468223A227461736B222C22636F6D706F6E656E74223A222F4D6F6E69746F722F5461736B2F696E646578222C22736F7274223A322C226368696C6472656E223A5B5D7D2C7B226964223A2231393437393434303638313034323631363334222C22706964223A2231393437393337323235393738313330343333222C2269636F6E223A2269636F6E2D6D6F64756C65222C226E616D65223A22E69C8DE58AA1E79B91E68EA7222C2270617468223A22736572766572222C22636F6D706F6E656E74223A222F4D6F6E69746F722F5365727665722F696E646578222C22736F7274223A332C226368696C6472656E223A5B5D7D2C7B226964223A2231393437393434313839333434383133303537222C22706964223A2231393437393337323235393738313330343333222C2269636F6E223A2269636F6E2D6D6F64756C65222C226E616D65223A22E7BC93E5AD98E79B91E68EA7222C2270617468223A226361636865222C22636F6D706F6E656E74223A222F4D6F6E69746F722F43616368652F696E646578222C22736F7274223A342C226368696C6472656E223A5B5D7D5D7D2C7B226964223A2231393239393238333739363637333836333730222C2269636F6E223A2269636F6E2D73657474696E67222C226E616D65223A22E7BB84E4BBB6E7A4BAE4BE8B222C2270617468223A222F6578616D706C65222C22636F6D706F6E656E74223A226C61796F7574222C226C61796F7574223A226C61796F7574222C22736F7274223A322C226368696C6472656E223A5B7B226964223A2231393239393239363230383136343431333437222C22706964223A2231393239393238333739363637333836333730222C2269636F6E223A2269636F6E2D6D6F64756C65222C226E616D65223A22E58897E8A1A8E7A4BAE4BE8B222C2270617468223A227461626C65222C22636F6D706F6E656E74223A222F4578616D706C652F5461626C652F696E646578222C22736F7274223A312C226368696C6472656E223A5B5D7D2C7B226964223A2231393239393239363230383136343431333438222C22706964223A2231393239393238333739363637333836333730222C2269636F6E223A2269636F6E2D6D6F64756C65222C226E616D65223A22E8A1A8E58D95E7A4BAE4BE8B222C2270617468223A22666F726D222C22636F6D706F6E656E74223A222F4578616D706C652F466F726D2F696E646578222C22736F7274223A322C226368696C6472656E223A5B5D7D2C7B226964223A2231393239393239363230383136343431333436222C22706964223A2231393239393238333739363637333836333730222C2269636F6E223A2269636F6E2D6D6F64756C65222C226E616D65223A22E59BBEE8A1A8E7A4BAE4BE8B222C2270617468223A2265636861727473222C22636F6D706F6E656E74223A222F4578616D706C652F456368617274732F696E646578222C22736F7274223A332C226368696C6472656E223A5B5D7D2C7B226964223A2231393433353537373939343739373931363137222C22706964223A2231393239393238333739363637333836333730222C2269636F6E223A2269636F6E2D6D6F64756C65222C226E616D65223A224D61726B646F776E222C2270617468223A226D61726B646F776E222C22636F6D706F6E656E74223A222F4578616D706C652F4D61726B646F776E2F696E646578222C22736F7274223A342C226368696C6472656E223A5B5D7D5D7D5D'), 13, 1927290201865945090, TO_TIMESTAMP('2025-08-15 17:47:23.239933', 'SYYYY-MM-DD HH24:MI:SS:FF6'), 1927290201865945090, TO_TIMESTAMP('2025-08-15 17:47:23.239933', 'SYYYY-MM-DD HH24:MI:SS:FF6'), NULL);
INSERT INTO "SPECTRA"."T_SYS_OPERATION_LOG" VALUES (1956291629739339778, '获取组织机构树形列表', 200, '127.0.0.1', 'GET', '/api/organization/tree', NULL, HEXTORAW('5B7B226964223A2231393434363739373132353037373630363431222C226E616D65223A22E98193E4B880E7A791E68A80222C22636F6465223A224F52475F524F4F54222C2274797065223A312C2261646472657373223A22E4B8ADE59BBD222C226368696C6472656E223A5B7B226964223A2231393434363934353232393433323432323432222C22706964223A2231393434363739373132353037373630363431222C226E616D65223A22E4B89CE983A8E5A4A7E58CBA222C22636F6465223A224F52475F45415354222C2274797065223A322C2261646472657373223A22E4B89CE983A8E5A4A7E58CBA222C2272656D61726B223A22E695B4E4B8AAE4B89CE983A8E5A4A7E58CBAE79BB8E585B3E79A84227D2C7B226964223A2231393434363934363636333530363930333036222C22706964223A2231393434363739373132353037373630363431222C226E616D65223A22E4BA91E58D97E58886E585ACE58FB8222C22636F6465223A224F52475F59554E4E414E222C2274797065223A322C2261646472657373223A22E58D97E983A8E5A4A7E58CBA222C2272656D61726B223A22E695B4E4B8AAE58D97E983A8E5A4A7E58CBAE79BB8E585B3E79A84222C226368696C6472656E223A5B7B226964223A2231393434373130313031313637323236383832222C22706964223A2231393434363934363636333530363930333036222C226E616D65223A22E69886E6988EE58886E585ACE58FB8222C22636F6465223A224F52475F4B554E4D494E47222C2274797065223A337D5D7D2C7B226964223A2231393434363934383030343830333337393231222C22706964223A2231393434363739373132353037373630363431222C226E616D65223A22E8B4B5E5B79EE58886E585ACE58FB8222C22636F6465223A224F52475F4755495A484F55222C2274797065223A327D2C7B226964223A2231393532393134343338383432343538313134222C22706964223A2231393434363739373132353037373630363431222C226E616D65223A22E59B9BE5B79DE58886E585ACE58FB8222C22636F6465223A224F52475F5349434855414E222C2274797065223A327D5D7D5D'), 64, 1927290201865945090, TO_TIMESTAMP('2025-08-15 17:47:25.334442', 'SYYYY-MM-DD HH24:MI:SS:FF6'), 1927290201865945090, TO_TIMESTAMP('2025-08-15 17:47:25.334442', 'SYYYY-MM-DD HH24:MI:SS:FF6'), NULL);
INSERT INTO "SPECTRA"."T_SYS_OPERATION_LOG" VALUES (1956291629802254337, '查询角色列表', 200, '127.0.0.1', 'GET', '/api/permission/role/list', NULL, HEXTORAW('5B7B226964223A2231393332363832313839353933333530313436222C226E616D65223A22E8BF90E7BBB4E7AEA1E79086E59198222C227374617465223A747275652C2273636F7065223A322C2272656D61726B223A22E8BF90E7BBB4E4BABAE59198E4BDBFE794A82CE585A8E5B180E88C83E59BB42CE68BA5E69C89E68980E69C89E69D83E99990227D2C7B226964223A2231393332363835373835383032313632313738222C226E616D65223A22E7B3BBE7BB9FE7AEA1E79086E59198222C227374617465223A747275652C2273636F7065223A302C2272656D61726B223A22E7B3BBE7BB9FE7AEA1E79086E591982CE7AEA1E79086E695B4E4B8AAE7B3BBE7BB9FE79A842CE4BD86E698AFE79C8BE4B88DE588B0E7B3BBE7BB9FE8BF90E7BBB4E79BB8E585B3E79A84E4B880E4BA9BE58685E5AEB9227D5D'), 58, 1927290201865945090, TO_TIMESTAMP('2025-08-15 17:47:25.342442', 'SYYYY-MM-DD HH24:MI:SS:FF6'), 1927290201865945090, TO_TIMESTAMP('2025-08-15 17:47:25.342442', 'SYYYY-MM-DD HH24:MI:SS:FF6'), NULL);
INSERT INTO "SPECTRA"."T_SYS_OPERATION_LOG" VALUES (1956291630590783490, '分页查询用户列表', 200, '127.0.0.1', 'GET', '/api/user/page', NULL, HEXTORAW('7B227265636F726473223A5B7B226964223A2231393337333534343230373039373131383733222C226E616D65223A22E8B685E7BAA7E7AEA1E79086E59198222C22656D61696C223A2273797361646D696E40312E636F6D222C227374617465223A302C22726F6C6573223A5B7B226964223A2231393332363835373835383032313632313738222C226E616D65223A22E7B3BBE7BB9FE7AEA1E79086E59198222C227374617465223A747275652C2273636F7065223A302C2272656D61726B223A22E7B3BBE7BB9FE7AEA1E79086E591982CE7AEA1E79086E695B4E4B8AAE7B3BBE7BB9FE79A842CE4BD86E698AFE79C8BE4B88DE588B0E7B3BBE7BB9FE8BF90E7BBB4E79BB8E585B3E79A84E4B880E4BA9BE58685E5AEB9227D5D2C226F7267616E697A6174696F6E5F6964223A2231393434363739373132353037373630363431222C226F7267616E697A6174696F6E5F6E616D65223A22E98193E4B880E7A791E68A80227D2C7B226964223A2231393337373036353836383133313639363635222C226E616D65223A22E6B58BE8AF95E794A8E688B7222C22656D61696C223A22636573686940312E636F6D222C227374617465223A312C226F7267616E697A6174696F6E5F6964223A2231393434363739373132353037373630363431222C226F7267616E697A6174696F6E5F6E616D65223A22E98193E4B880E7A791E68A80227D5D2C22746F74616C223A322C2273697A65223A3130302C2263757272656E74223A312C227061676573223A317D'), 167, 1927290201865945090, TO_TIMESTAMP('2025-08-15 17:47:25.541440', 'SYYYY-MM-DD HH24:MI:SS:FF6'), 1927290201865945090, TO_TIMESTAMP('2025-08-15 17:47:25.541440', 'SYYYY-MM-DD HH24:MI:SS:FF6'), NULL);
INSERT INTO "SPECTRA"."T_SYS_OPERATION_LOG" VALUES (1956291630846636034, '根据类型编码获取字典数据', 200, '127.0.0.1', 'GET', '/api/dict/data/sys_user_state', NULL, HEXTORAW('5B7B226964223A2231393432313433323238303535363039333435222C22676964223A2231393432313432373930373439303835363938222C226C6162656C223A22E6ADA3E5B8B8222C2276616C7565223A2230222C22736F7274223A3939392C227374617465223A302C2272656D61726B223A22E6ADA3E5B8B8227D2C7B226964223A2231393432313433323731363535333939343235222C22676964223A2231393432313432373930373439303835363938222C226C6162656C223A22E586BBE7BB93222C2276616C7565223A2231222C22736F7274223A3939392C227374617465223A302C2272656D61726B223A22E586BBE7BB93227D2C7B226964223A2231393432313433333235393038373231363635222C22676964223A2231393432313432373930373439303835363938222C226C6162656C223A22E5B081E7A681222C2276616C7565223A2232222C22736F7274223A3939392C227374617465223A302C2272656D61726B223A22E5B081E7A681227D5D'), 25, 1927290201865945090, TO_TIMESTAMP('2025-08-15 17:47:25.599440', 'SYYYY-MM-DD HH24:MI:SS:FF6'), 1927290201865945090, TO_TIMESTAMP('2025-08-15 17:47:25.599440', 'SYYYY-MM-DD HH24:MI:SS:FF6'), NULL);
INSERT INTO "SPECTRA"."T_SYS_OPERATION_LOG" VALUES (1956291635309375490, '获取组织机构树形列表', 200, '127.0.0.1', 'GET', '/api/organization/tree', NULL, HEXTORAW('5B7B226964223A2231393434363739373132353037373630363431222C226E616D65223A22E98193E4B880E7A791E68A80222C22636F6465223A224F52475F524F4F54222C2274797065223A312C2261646472657373223A22E4B8ADE59BBD222C226368696C6472656E223A5B7B226964223A2231393434363934353232393433323432323432222C22706964223A2231393434363739373132353037373630363431222C226E616D65223A22E4B89CE983A8E5A4A7E58CBA222C22636F6465223A224F52475F45415354222C2274797065223A322C2261646472657373223A22E4B89CE983A8E5A4A7E58CBA222C2272656D61726B223A22E695B4E4B8AAE4B89CE983A8E5A4A7E58CBAE79BB8E585B3E79A84227D2C7B226964223A2231393434363934363636333530363930333036222C22706964223A2231393434363739373132353037373630363431222C226E616D65223A22E4BA91E58D97E58886E585ACE58FB8222C22636F6465223A224F52475F59554E4E414E222C2274797065223A322C2261646472657373223A22E58D97E983A8E5A4A7E58CBA222C2272656D61726B223A22E695B4E4B8AAE58D97E983A8E5A4A7E58CBAE79BB8E585B3E79A84222C226368696C6472656E223A5B7B226964223A2231393434373130313031313637323236383832222C22706964223A2231393434363934363636333530363930333036222C226E616D65223A22E69886E6988EE58886E585ACE58FB8222C22636F6465223A224F52475F4B554E4D494E47222C2274797065223A337D5D7D2C7B226964223A2231393434363934383030343830333337393231222C22706964223A2231393434363739373132353037373630363431222C226E616D65223A22E8B4B5E5B79EE58886E585ACE58FB8222C22636F6465223A224F52475F4755495A484F55222C2274797065223A327D2C7B226964223A2231393532393134343338383432343538313134222C22706964223A2231393434363739373132353037373630363431222C226E616D65223A22E59B9BE5B79DE58886E585ACE58FB8222C22636F6465223A224F52475F5349434855414E222C2274797065223A327D5D7D5D'), 9, 1927290201865945090, TO_TIMESTAMP('2025-08-15 17:47:26.667955', 'SYYYY-MM-DD HH24:MI:SS:FF6'), 1927290201865945090, TO_TIMESTAMP('2025-08-15 17:47:26.667955', 'SYYYY-MM-DD HH24:MI:SS:FF6'), NULL);
INSERT INTO "SPECTRA"."T_SYS_OPERATION_LOG" VALUES (1956291635506507778, '根据类型编码获取字典数据', 200, '127.0.0.1', 'GET', '/api/dict/data/sys_organization_type', NULL, HEXTORAW('5B7B226964223A2231393434363737383131363738353139323937222C22676964223A2231393434363737363638353031373537393533222C226C6162656C223A22E99B86E59BA2E680BBE983A8222C2276616C7565223A2231222C22736F7274223A312C227374617465223A307D2C7B226964223A2231393434363737383939383933313231303236222C22676964223A2231393434363737363638353031373537393533222C226C6162656C223A22E79C81E7BAA7E585ACE58FB8222C2276616C7565223A2232222C22736F7274223A322C227374617465223A307D2C7B226964223A2231393434363737393637333735323738303832222C22676964223A2231393434363737363638353031373537393533222C226C6162656C223A22E5B882E7BAA7E585ACE58FB8222C2276616C7565223A2233222C22736F7274223A332C227374617465223A307D2C7B226964223A2231393532353732383031363435373131333631222C22676964223A2231393434363737363638353031373537393533222C226C6162656C223A22E58EBFE7BAA7E585ACE58FB8222C2276616C7565223A2234222C22736F7274223A342C227374617465223A307D2C7B226964223A2231393434363738303033373733343438313934222C22676964223A2231393434363737363638353031373537393533222C226C6162656C223A22E983A8E997A8222C2276616C7565223A2235222C22736F7274223A352C227374617465223A307D2C7B226964223A2231393434363738303532383133323530353631222C22676964223A2231393434363737363638353031373537393533222C226C6162656C223A22E7A791E5AEA42FE5B08FE7BB84222C2276616C7565223A2236222C22736F7274223A362C227374617465223A307D5D'), 13, 1927290201865945090, TO_TIMESTAMP('2025-08-15 17:47:26.713645', 'SYYYY-MM-DD HH24:MI:SS:FF6'), 1927290201865945090, TO_TIMESTAMP('2025-08-15 17:47:26.713645', 'SYYYY-MM-DD HH24:MI:SS:FF6'), NULL);
INSERT INTO "SPECTRA"."T_SYS_OPERATION_LOG" VALUES (1956291639591759874, '获取树形菜单', 200, '127.0.0.1', 'GET', '/api/menu/tree', NULL, HEXTORAW('5B7B226964223A2231393239393238333739353735313131363832222C2269636F6E223A2269636F6E2D73657474696E67222C226E616D65223A22E7B3BBE7BB9FE7AEA1E79086222C2270617468223A222F73797374656D222C22636F6D706F6E656E74223A226C61796F7574222C226C61796F7574223A226C61796F7574222C22736F7274223A302C226368696C6472656E223A5B7B226964223A2231393239393239363230373135373738303439222C22706964223A2231393239393238333739353735313131363832222C2269636F6E223A2269636F6E2D6D6F64756C65222C226E616D65223A22E794A8E688B7E7AEA1E79086222C2270617468223A2275736572222C22636F6D706F6E656E74223A222F53797374656D2F557365722F696E646578222C22736F7274223A302C226368696C6472656E223A5B5D7D2C7B226964223A2231393332393833383436373732333633323636222C22706964223A2231393239393238333739353735313131363832222C2269636F6E223A2269636F6E2D6D6F64756C65222C226E616D65223A22E983A8E997A8E7AEA1E79086222C2270617468223A2264657074222C22636F6D706F6E656E74223A222F53797374656D2F446570742F696E646578222C22736F7274223A312C226368696C6472656E223A5B5D7D2C7B226964223A2231393239393239363230373533353236373835222C22706964223A2231393239393238333739353735313131363832222C2269636F6E223A2269636F6E2D6D6F64756C65222C226E616D65223A22E8AEBFE997AEE68EA7E588B6222C2270617468223A2252424143222C22636F6D706F6E656E74223A222F53797374656D2F524241432F696E646578222C22736F7274223A322C226368696C6472656E223A5B5D7D2C7B226964223A2231393239393239363230373533353236373839222C22706964223A2231393239393238333739353735313131363832222C2269636F6E223A2269636F6E2D6D6F64756C65222C226E616D65223A22E88F9CE58D95E7AEA1E79086222C2270617468223A226D656E75222C22636F6D706F6E656E74223A222F53797374656D2F4D656E752F696E646578222C22736F7274223A332C226368696C6472656E223A5B5D7D2C7B226964223A2231393239393239363230373533353236373837222C22706964223A2231393239393238333739353735313131363832222C2269636F6E223A2269636F6E2D6D6F64756C65222C226E616D65223A22E5AD97E585B8E7AEA1E79086222C2270617468223A2264696374222C22636F6D706F6E656E74223A222F53797374656D2F446963742F696E646578222C22736F7274223A342C226368696C6472656E223A5B5D7D2C7B226964223A2231393239393239363230373533353236373930222C22706964223A2231393239393238333739353735313131363832222C2269636F6E223A2269636F6E2D6D6F64756C65222C226E616D65223A22E69687E4BBB6E5AD98E582A8222C2270617468223A2273746F72616765222C22636F6D706F6E656E74223A222F53797374656D2F53746F726167652F696E646578222C22736F7274223A352C226368696C6472656E223A5B5D7D5D7D2C7B226964223A2231393437393337323235393738313330343333222C2269636F6E223A2269636F6E2D73657474696E67222C226E616D65223A22E7B3BBE7BB9FE79B91E68EA7222C2270617468223A222F6D6F6E69746F72222C22636F6D706F6E656E74223A226C61796F7574222C226C61796F7574223A226C61796F7574222C22736F7274223A312C226368696C6472656E223A5B7B226964223A2231393437393433323831393738343435383235222C22706964223A2231393437393337323235393738313330343333222C2269636F6E223A2269636F6E2D6D6F64756C65222C226E616D65223A22E59CA8E7BABFE794A8E688B7222C2270617468223A226F6E6C696E65222C22636F6D706F6E656E74223A222F4D6F6E69746F722F4F6E6C696E652F696E646578222C22736F7274223A302C226368696C6472656E223A5B5D7D2C7B226964223A2231393437393337363735353836353437373133222C22706964223A2231393437393337323235393738313330343333222C2269636F6E223A2269636F6E2D6D6F64756C65222C226E616D65223A22E695B0E68DAEE79B91E68EA7222C2270617468223A226461746162617365222C22636F6D706F6E656E74223A222F4D6F6E69746F722F44617461626173652F696E646578222C22736F7274223A312C226368696C6472656E223A5B5D7D2C7B226964223A2231393239393239363230373533353236373838222C22706964223A2231393437393337323235393738313330343333222C2269636F6E223A2269636F6E2D6D6F64756C65222C226E616D65223A22E5AE9AE697B6E4BBBBE58AA1222C2270617468223A227461736B222C22636F6D706F6E656E74223A222F4D6F6E69746F722F5461736B2F696E646578222C22736F7274223A322C226368696C6472656E223A5B5D7D2C7B226964223A2231393437393434303638313034323631363334222C22706964223A2231393437393337323235393738313330343333222C2269636F6E223A2269636F6E2D6D6F64756C65222C226E616D65223A22E69C8DE58AA1E79B91E68EA7222C2270617468223A22736572766572222C22636F6D706F6E656E74223A222F4D6F6E69746F722F5365727665722F696E646578222C22736F7274223A332C226368696C6472656E223A5B5D7D2C7B226964223A2231393437393434313839333434383133303537222C22706964223A2231393437393337323235393738313330343333222C2269636F6E223A2269636F6E2D6D6F64756C65222C226E616D65223A22E7BC93E5AD98E79B91E68EA7222C2270617468223A226361636865222C22636F6D706F6E656E74223A222F4D6F6E69746F722F43616368652F696E646578222C22736F7274223A342C226368696C6472656E223A5B5D7D5D7D2C7B226964223A2231393239393238333739363637333836333730222C2269636F6E223A2269636F6E2D73657474696E67222C226E616D65223A22E7BB84E4BBB6E7A4BAE4BE8B222C2270617468223A222F6578616D706C65222C22636F6D706F6E656E74223A226C61796F7574222C226C61796F7574223A226C61796F7574222C22736F7274223A322C226368696C6472656E223A5B7B226964223A2231393239393239363230383136343431333437222C22706964223A2231393239393238333739363637333836333730222C2269636F6E223A2269636F6E2D6D6F64756C65222C226E616D65223A22E58897E8A1A8E7A4BAE4BE8B222C2270617468223A227461626C65222C22636F6D706F6E656E74223A222F4578616D706C652F5461626C652F696E646578222C22736F7274223A312C226368696C6472656E223A5B5D7D2C7B226964223A2231393239393239363230383136343431333438222C22706964223A2231393239393238333739363637333836333730222C2269636F6E223A2269636F6E2D6D6F64756C65222C226E616D65223A22E8A1A8E58D95E7A4BAE4BE8B222C2270617468223A22666F726D222C22636F6D706F6E656E74223A222F4578616D706C652F466F726D2F696E646578222C22736F7274223A322C226368696C6472656E223A5B5D7D2C7B226964223A2231393239393239363230383136343431333436222C22706964223A2231393239393238333739363637333836333730222C2269636F6E223A2269636F6E2D6D6F64756C65222C226E616D65223A22E59BBEE8A1A8E7A4BAE4BE8B222C2270617468223A2265636861727473222C22636F6D706F6E656E74223A222F4578616D706C652F456368617274732F696E646578222C22736F7274223A332C226368696C6472656E223A5B5D7D2C7B226964223A2231393433353537373939343739373931363137222C22706964223A2231393239393238333739363637333836333730222C2269636F6E223A2269636F6E2D6D6F64756C65222C226E616D65223A224D61726B646F776E222C2270617468223A226D61726B646F776E222C22636F6D706F6E656E74223A222F4578616D706C652F4D61726B646F776E2F696E646578222C22736F7274223A342C226368696C6472656E223A5B5D7D5D7D5D'), 18, 1927290201865945090, TO_TIMESTAMP('2025-08-15 17:47:27.685294', 'SYYYY-MM-DD HH24:MI:SS:FF6'), 1927290201865945090, TO_TIMESTAMP('2025-08-15 17:47:27.685294', 'SYYYY-MM-DD HH24:MI:SS:FF6'), NULL);
INSERT INTO "SPECTRA"."T_SYS_OPERATION_LOG" VALUES (1956291639591759875, '获取权限树列表', 200, '127.0.0.1', 'GET', '/api/permission/authority/tree', NULL, HEXTORAW('5B7B226964223A313934333531333434313533393839313230322C226E616D65223A22E5AD97E585B8E69D83E99990222C22636F6465223A224D454E553A2A222C226368696C6472656E223A5B7B226964223A313934333531333434323236393730303039372C22706964223A313934333531333434313533393839313230322C226E616D65223A22E5AD97E585B8E696B0E5A29E222C22636F6465223A224D454E553A494E53455254227D2C7B226964223A313934333531333434323236393730303039382C22706964223A313934333531333434313533393839313230322C226E616D65223A22E5AD97E585B8E4BFAEE694B9222C22636F6465223A224D454E553A555044415445227D2C7B226964223A313934333531333434323236393730303039392C22706964223A313934333531333434313533393839313230322C226E616D65223A22E5AD97E585B8E588A0E999A4222C22636F6465223A224D454E553A44454C455445227D5D7D5D'), 17, 1927290201865945090, TO_TIMESTAMP('2025-08-15 17:47:27.687294', 'SYYYY-MM-DD HH24:MI:SS:FF6'), 1927290201865945090, TO_TIMESTAMP('2025-08-15 17:47:27.687294', 'SYYYY-MM-DD HH24:MI:SS:FF6'), NULL);
INSERT INTO "SPECTRA"."T_SYS_OPERATION_LOG" VALUES (1956291639725977602, '分页查询角色列表', 200, '127.0.0.1', 'GET', '/api/permission/role/page', NULL, HEXTORAW('7B227265636F726473223A5B7B226964223A2231393332363832313839353933333530313436222C226E616D65223A22E8BF90E7BBB4E7AEA1E79086E59198222C227374617465223A747275652C2273636F7065223A322C2272656D61726B223A22E8BF90E7BBB4E4BABAE59198E4BDBFE794A82CE585A8E5B180E88C83E59BB42CE68BA5E69C89E68980E69C89E69D83E99990227D2C7B226964223A2231393332363835373835383032313632313738222C226E616D65223A22E7B3BBE7BB9FE7AEA1E79086E59198222C227374617465223A747275652C2273636F7065223A302C2272656D61726B223A22E7B3BBE7BB9FE7AEA1E79086E591982CE7AEA1E79086E695B4E4B8AAE7B3BBE7BB9FE79A842CE4BD86E698AFE79C8BE4B88DE588B0E7B3BBE7BB9FE8BF90E7BBB4E79BB8E585B3E79A84E4B880E4BA9BE58685E5AEB9227D2C7B226964223A2231393332363837333234333536373735393338222C226E616D65223A22E5B08FE7BB84E995BF222C227374617465223A66616C73652C2273636F7065223A312C2272656D61726B223A22E6B58BE8AF95E7A681E794A8E78AB6E68081227D5D2C22746F74616C223A332C2273697A65223A3130302C2263757272656E74223A312C227061676573223A317D'), 48, 1927290201865945090, TO_TIMESTAMP('2025-08-15 17:47:27.719296', 'SYYYY-MM-DD HH24:MI:SS:FF6'), 1927290201865945090, TO_TIMESTAMP('2025-08-15 17:47:27.719296', 'SYYYY-MM-DD HH24:MI:SS:FF6'), NULL);
INSERT INTO "SPECTRA"."T_SYS_OPERATION_LOG" VALUES (1956291639931498497, '根据类型编码获取字典数据', 200, '127.0.0.1', 'GET', '/api/dict/data/sys_power_scope', NULL, HEXTORAW('5B7B226964223A2231393432313432323534303735333035393836222C22676964223A2231393432313432313832383536303234303636222C226C6162656C223A22E585A8E5B180222C2276616C7565223A2230222C22736F7274223A3939392C227374617465223A302C2272656D61726B223A22E585A8E5B180E88C83E59BB4E58FAFE69FA5E8AFA2227D2C7B226964223A2231393432313432333534383031353136353436222C22676964223A2231393432313432313832383536303234303636222C226C6162656C223A22E69CACE7BAA7222C2276616C7565223A2231222C22736F7274223A3939392C227374617465223A302C2272656D61726B223A22E58FAFE4BBA5E69FA5E8AFA2E5BD93E5898DE68980E5B19EE79A84E7BB84E7BB87E69CBAE69E842BE983A8E997A8E69CACE7BAA7E588ABE79A84E58685E5AEB9227D2C7B226964223A2231393432313432343839333637333731373737222C22676964223A2231393432313432313832383536303234303636222C226C6162656C223A22E69CACE7BAA7E58C85E590ABE4B88BE7BAA7222C2276616C7565223A2232222C22736F7274223A3939392C227374617465223A302C2272656D61726B223A22E58FAFE4BBA5E69FA5E8AFA2E5BD93E5898DE7BB84E7BB87E69CBAE69E842BE983A8E997A82CE58C85E590ABE5AD90E7BAA7E7BB84E7BB87E69CBAE69E842BE983A8E997A8E79A84E695B0E68DAE227D5D'), 14, 1927290201865945090, TO_TIMESTAMP('2025-08-15 17:47:27.758295', 'SYYYY-MM-DD HH24:MI:SS:FF6'), 1927290201865945090, TO_TIMESTAMP('2025-08-15 17:47:27.758295', 'SYYYY-MM-DD HH24:MI:SS:FF6'), NULL);
INSERT INTO "SPECTRA"."T_SYS_OPERATION_LOG" VALUES (1956291643987390465, '获取树形菜单', 200, '127.0.0.1', 'GET', '/api/menu/tree', NULL, HEXTORAW('5B7B226964223A2231393239393238333739353735313131363832222C2269636F6E223A2269636F6E2D73657474696E67222C226E616D65223A22E7B3BBE7BB9FE7AEA1E79086222C2270617468223A222F73797374656D222C22636F6D706F6E656E74223A226C61796F7574222C226C61796F7574223A226C61796F7574222C22736F7274223A302C226368696C6472656E223A5B7B226964223A2231393239393239363230373135373738303439222C22706964223A2231393239393238333739353735313131363832222C2269636F6E223A2269636F6E2D6D6F64756C65222C226E616D65223A22E794A8E688B7E7AEA1E79086222C2270617468223A2275736572222C22636F6D706F6E656E74223A222F53797374656D2F557365722F696E646578222C22736F7274223A302C226368696C6472656E223A5B5D7D2C7B226964223A2231393332393833383436373732333633323636222C22706964223A2231393239393238333739353735313131363832222C2269636F6E223A2269636F6E2D6D6F64756C65222C226E616D65223A22E983A8E997A8E7AEA1E79086222C2270617468223A2264657074222C22636F6D706F6E656E74223A222F53797374656D2F446570742F696E646578222C22736F7274223A312C226368696C6472656E223A5B5D7D2C7B226964223A2231393239393239363230373533353236373835222C22706964223A2231393239393238333739353735313131363832222C2269636F6E223A2269636F6E2D6D6F64756C65222C226E616D65223A22E8AEBFE997AEE68EA7E588B6222C2270617468223A2252424143222C22636F6D706F6E656E74223A222F53797374656D2F524241432F696E646578222C22736F7274223A322C226368696C6472656E223A5B5D7D2C7B226964223A2231393239393239363230373533353236373839222C22706964223A2231393239393238333739353735313131363832222C2269636F6E223A2269636F6E2D6D6F64756C65222C226E616D65223A22E88F9CE58D95E7AEA1E79086222C2270617468223A226D656E75222C22636F6D706F6E656E74223A222F53797374656D2F4D656E752F696E646578222C22736F7274223A332C226368696C6472656E223A5B5D7D2C7B226964223A2231393239393239363230373533353236373837222C22706964223A2231393239393238333739353735313131363832222C2269636F6E223A2269636F6E2D6D6F64756C65222C226E616D65223A22E5AD97E585B8E7AEA1E79086222C2270617468223A2264696374222C22636F6D706F6E656E74223A222F53797374656D2F446963742F696E646578222C22736F7274223A342C226368696C6472656E223A5B5D7D2C7B226964223A2231393239393239363230373533353236373930222C22706964223A2231393239393238333739353735313131363832222C2269636F6E223A2269636F6E2D6D6F64756C65222C226E616D65223A22E69687E4BBB6E5AD98E582A8222C2270617468223A2273746F72616765222C22636F6D706F6E656E74223A222F53797374656D2F53746F726167652F696E646578222C22736F7274223A352C226368696C6472656E223A5B5D7D5D7D2C7B226964223A2231393437393337323235393738313330343333222C2269636F6E223A2269636F6E2D73657474696E67222C226E616D65223A22E7B3BBE7BB9FE79B91E68EA7222C2270617468223A222F6D6F6E69746F72222C22636F6D706F6E656E74223A226C61796F7574222C226C61796F7574223A226C61796F7574222C22736F7274223A312C226368696C6472656E223A5B7B226964223A2231393437393433323831393738343435383235222C22706964223A2231393437393337323235393738313330343333222C2269636F6E223A2269636F6E2D6D6F64756C65222C226E616D65223A22E59CA8E7BABFE794A8E688B7222C2270617468223A226F6E6C696E65222C22636F6D706F6E656E74223A222F4D6F6E69746F722F4F6E6C696E652F696E646578222C22736F7274223A302C226368696C6472656E223A5B5D7D2C7B226964223A2231393437393337363735353836353437373133222C22706964223A2231393437393337323235393738313330343333222C2269636F6E223A2269636F6E2D6D6F64756C65222C226E616D65223A22E695B0E68DAEE79B91E68EA7222C2270617468223A226461746162617365222C22636F6D706F6E656E74223A222F4D6F6E69746F722F44617461626173652F696E646578222C22736F7274223A312C226368696C6472656E223A5B5D7D2C7B226964223A2231393239393239363230373533353236373838222C22706964223A2231393437393337323235393738313330343333222C2269636F6E223A2269636F6E2D6D6F64756C65222C226E616D65223A22E5AE9AE697B6E4BBBBE58AA1222C2270617468223A227461736B222C22636F6D706F6E656E74223A222F4D6F6E69746F722F5461736B2F696E646578222C22736F7274223A322C226368696C6472656E223A5B5D7D2C7B226964223A2231393437393434303638313034323631363334222C22706964223A2231393437393337323235393738313330343333222C2269636F6E223A2269636F6E2D6D6F64756C65222C226E616D65223A22E69C8DE58AA1E79B91E68EA7222C2270617468223A22736572766572222C22636F6D706F6E656E74223A222F4D6F6E69746F722F5365727665722F696E646578222C22736F7274223A332C226368696C6472656E223A5B5D7D2C7B226964223A2231393437393434313839333434383133303537222C22706964223A2231393437393337323235393738313330343333222C2269636F6E223A2269636F6E2D6D6F64756C65222C226E616D65223A22E7BC93E5AD98E79B91E68EA7222C2270617468223A226361636865222C22636F6D706F6E656E74223A222F4D6F6E69746F722F43616368652F696E646578222C22736F7274223A342C226368696C6472656E223A5B5D7D5D7D2C7B226964223A2231393239393238333739363637333836333730222C2269636F6E223A2269636F6E2D73657474696E67222C226E616D65223A22E7BB84E4BBB6E7A4BAE4BE8B222C2270617468223A222F6578616D706C65222C22636F6D706F6E656E74223A226C61796F7574222C226C61796F7574223A226C61796F7574222C22736F7274223A322C226368696C6472656E223A5B7B226964223A2231393239393239363230383136343431333437222C22706964223A2231393239393238333739363637333836333730222C2269636F6E223A2269636F6E2D6D6F64756C65222C226E616D65223A22E58897E8A1A8E7A4BAE4BE8B222C2270617468223A227461626C65222C22636F6D706F6E656E74223A222F4578616D706C652F5461626C652F696E646578222C22736F7274223A312C226368696C6472656E223A5B5D7D2C7B226964223A2231393239393239363230383136343431333438222C22706964223A2231393239393238333739363637333836333730222C2269636F6E223A2269636F6E2D6D6F64756C65222C226E616D65223A22E8A1A8E58D95E7A4BAE4BE8B222C2270617468223A22666F726D222C22636F6D706F6E656E74223A222F4578616D706C652F466F726D2F696E646578222C22736F7274223A322C226368696C6472656E223A5B5D7D2C7B226964223A2231393239393239363230383136343431333436222C22706964223A2231393239393238333739363637333836333730222C2269636F6E223A2269636F6E2D6D6F64756C65222C226E616D65223A22E59BBEE8A1A8E7A4BAE4BE8B222C2270617468223A2265636861727473222C22636F6D706F6E656E74223A222F4578616D706C652F456368617274732F696E646578222C22736F7274223A332C226368696C6472656E223A5B5D7D2C7B226964223A2231393433353537373939343739373931363137222C22706964223A2231393239393238333739363637333836333730222C2269636F6E223A2269636F6E2D6D6F64756C65222C226E616D65223A224D61726B646F776E222C2270617468223A226D61726B646F776E222C22636F6D706F6E656E74223A222F4578616D706C652F4D61726B646F776E2F696E646578222C22736F7274223A342C226368696C6472656E223A5B5D7D5D7D5D'), 13, 1927290201865945090, TO_TIMESTAMP('2025-08-15 17:47:28.736932', 'SYYYY-MM-DD HH24:MI:SS:FF6'), 1927290201865945090, TO_TIMESTAMP('2025-08-15 17:47:28.736932', 'SYYYY-MM-DD HH24:MI:SS:FF6'), NULL);
INSERT INTO "SPECTRA"."T_SYS_OPERATION_LOG" VALUES (1956291647397359618, '获取所有字典类型的树形列表', 200, '127.0.0.1', 'GET', '/api/dict/group/tree', NULL, HEXTORAW('5B7B226964223A2231393432313432393231333437313239333436222C226E616D65223A22E7B3BBE7BB9FE9858DE7BDAE222C22636F6465223A22737973222C227374617465223A302C226275696C74696E223A747275652C2272656D61726B223A22E7B3BBE7BB9FE9858DE7BDAEE79BB8E585B3E79A84E5AD97E585B8E7BB842EE59FBAE69CACE4B8BAE58685E7BDAEE4B88DE58FAFE4BFAEE694B9E79A84E5AD97E585B8E7BB84222C226368696C6472656E223A5B7B226964223A2231393432313432313832383536303234303636222C22706964223A2231393432313432393231333437313239333436222C226E616D65223A22E69D83E99990E88C83E59BB4222C22636F6465223A227379735F706F7765725F73636F7065222C227374617465223A302C226275696C74696E223A747275652C2272656D61726B223A22E7B3BBE7BB9FE69D83E99990E88C83E59BB4222C226368696C6472656E223A5B5D7D2C7B226964223A2231393432313432373930373439303835363938222C22706964223A2231393432313432393231333437313239333436222C226E616D65223A22E794A8E688B7E78AB6E68081222C22636F6465223A227379735F757365725F7374617465222C227374617465223A302C226275696C74696E223A747275652C2272656D61726B223A22E794A8E688B7E78AB6E68081222C226368696C6472656E223A5B5D7D2C7B226964223A2231393432313433363035373737383530333639222C22706964223A2231393432313432393231333437313239333436222C226E616D65223A22E9809AE794A8E78AB6E68081222C22636F6465223A227379735F636F6D6D6F6E5F7374617465222C227374617465223A302C226275696C74696E223A747275652C2272656D61726B223A22E9809AE794A8E78AB6E68081222C226368696C6472656E223A5B5D7D2C7B226964223A2231393432313531373232373435393333383235222C22706964223A2231393432313432393231333437313239333436222C226E616D65223A22E8B4A6E58FB7E7B1BBE59E8B222C22636F6465223A227379735F6163636F756E745F74797065222C227374617465223A302C226275696C74696E223A747275652C2272656D61726B223A22E8B4A6E58FB7E7B1BBE59E8BEFBC8CE4B880E4B8AAE794A8E688B7E58FAFE4BBA5E69C89E5A49AE4B8AAE4B88DE5908CE8B4A6E58FB7E7B1BBE59E8BE79A84E8B4A6E58FB7EFBC8CE5AFB9E5BA94E4B88DE5908CE799BBE5BD95E696B9E5BC8F222C226368696C6472656E223A5B5D7D2C7B226964223A2231393434363737363638353031373537393533222C22706964223A2231393432313432393231333437313239333436222C226E616D65223A22E7BB84E7BB87E69CBAE69E84E7B1BBE59E8B222C22636F6465223A227379735F6F7267616E697A6174696F6E5F74797065222C227374617465223A302C226275696C74696E223A747275652C226368696C6472656E223A5B5D7D5D7D2C7B226964223A2231393432313530343730353935313934383831222C226E616D65223A22E4B89AE58AA1E9858DE7BDAE222C22636F6465223A22627573696E657373222C227374617465223A302C226275696C74696E223A66616C73652C2272656D61726B223A22E4B89AE58AA1E983A8E58886E99C80E8A681E79A84E9858DE7BDAE222C226368696C6472656E223A5B7B226964223A2231393432343239303936313038353736373730222C22706964223A2231393432313530343730353935313934383831222C226E616D65223A22E4B89AE58AA1E6B58BE8AF9531222C22636F6465223A22627573696E6573735F746573745F31222C227374617465223A302C226275696C74696E223A66616C73652C226368696C6472656E223A5B5D7D5D7D5D'), 12, 1927290201865945090, TO_TIMESTAMP('2025-08-15 17:47:29.537028', 'SYYYY-MM-DD HH24:MI:SS:FF6'), 1927290201865945090, TO_TIMESTAMP('2025-08-15 17:47:29.537028', 'SYYYY-MM-DD HH24:MI:SS:FF6'), NULL);
INSERT INTO "SPECTRA"."T_SYS_OPERATION_LOG" VALUES (1956291732428484610, '退出登录', 200, '127.0.0.1', 'POST', '/api/auth/logout', NULL, NULL, 6, NULL, TO_TIMESTAMP('2025-08-15 17:47:49.822890', 'SYYYY-MM-DD HH24:MI:SS:FF6'), NULL, TO_TIMESTAMP('2025-08-15 17:47:49.823890', 'SYYYY-MM-DD HH24:MI:SS:FF6'), NULL);

-- ----------------------------
-- Table structure for T_SYS_ORGANIZATION
-- ----------------------------
DROP TABLE IF EXISTS "SPECTRA"."T_SYS_ORGANIZATION";
CREATE TABLE "SPECTRA"."T_SYS_ORGANIZATION" (
  "ID" BIGINT NOT NULL,
  "PID" BIGINT,
  "NAME" VARCHAR(100) NOT NULL,
  "CODE" VARCHAR(100) NOT NULL,
  "TYPE" SMALLINT,
  "ADDRESS" VARCHAR(255),
  "MANAGER_ID" BIGINT,
  "REMARK" VARCHAR(255),
  "CREATED_BY" BIGINT,
  "CREATED_AT" TIMESTAMP(6) NOT NULL,
  "UPDATED_BY" BIGINT,
  "UPDATED_AT" TIMESTAMP(6) NOT NULL,
  "DELETED" TIMESTAMP(6)
)
;
COMMENT ON COLUMN "SPECTRA"."T_SYS_ORGANIZATION"."ID" IS '主键ID';
COMMENT ON COLUMN "SPECTRA"."T_SYS_ORGANIZATION"."PID" IS '上级ID';
COMMENT ON COLUMN "SPECTRA"."T_SYS_ORGANIZATION"."NAME" IS '名称';
COMMENT ON COLUMN "SPECTRA"."T_SYS_ORGANIZATION"."CODE" IS '编码';
COMMENT ON COLUMN "SPECTRA"."T_SYS_ORGANIZATION"."TYPE" IS '公司类型';
COMMENT ON COLUMN "SPECTRA"."T_SYS_ORGANIZATION"."ADDRESS" IS '注册地址';
COMMENT ON COLUMN "SPECTRA"."T_SYS_ORGANIZATION"."MANAGER_ID" IS '负责人ID';
COMMENT ON COLUMN "SPECTRA"."T_SYS_ORGANIZATION"."REMARK" IS '备注';
COMMENT ON COLUMN "SPECTRA"."T_SYS_ORGANIZATION"."CREATED_BY" IS '创建人';
COMMENT ON COLUMN "SPECTRA"."T_SYS_ORGANIZATION"."CREATED_AT" IS '创建时间';
COMMENT ON COLUMN "SPECTRA"."T_SYS_ORGANIZATION"."UPDATED_BY" IS '最后更新人';
COMMENT ON COLUMN "SPECTRA"."T_SYS_ORGANIZATION"."UPDATED_AT" IS '最后更新时间';
COMMENT ON COLUMN "SPECTRA"."T_SYS_ORGANIZATION"."DELETED" IS '是否删除';

-- ----------------------------
-- Records of T_SYS_ORGANIZATION
-- ----------------------------
INSERT INTO "SPECTRA"."T_SYS_ORGANIZATION" VALUES (1944679712507760641, NULL, '道一科技', 'ORG_ROOT', 1, '中国', NULL, NULL, NULL, TO_TIMESTAMP('2025-07-14 16:45:49.000000', 'SYYYY-MM-DD HH24:MI:SS:FF6'), NULL, TO_TIMESTAMP('2025-07-14 16:45:49.000000', 'SYYYY-MM-DD HH24:MI:SS:FF6'), NULL);
INSERT INTO "SPECTRA"."T_SYS_ORGANIZATION" VALUES (1944693648674168833, 1944679712507760641, '西部大区', 'ORG_WEST', 2, '西部大区', NULL, '整个西部大区相关的', 1927290201865945090, TO_TIMESTAMP('2025-07-14 17:41:11.000000', 'SYYYY-MM-DD HH24:MI:SS:FF6'), 1927290201865945090, TO_TIMESTAMP('2025-08-06 10:16:53.000000', 'SYYYY-MM-DD HH24:MI:SS:FF6'), TO_TIMESTAMP('2025-08-06 10:16:53.000000', 'SYYYY-MM-DD HH24:MI:SS:FF6'));
INSERT INTO "SPECTRA"."T_SYS_ORGANIZATION" VALUES (1944694522943242242, 1944679712507760641, '东部大区', 'ORG_EAST', 2, '东部大区', NULL, '整个东部大区相关的', 1927290201865945090, TO_TIMESTAMP('2025-07-14 17:44:40.000000', 'SYYYY-MM-DD HH24:MI:SS:FF6'), 1927290201865945090, TO_TIMESTAMP('2025-07-14 17:44:40.000000', 'SYYYY-MM-DD HH24:MI:SS:FF6'), NULL);
INSERT INTO "SPECTRA"."T_SYS_ORGANIZATION" VALUES (1944694666350690306, 1944679712507760641, '云南分公司', 'ORG_YUNNAN', 2, '南部大区', NULL, '整个南部大区相关的', 1927290201865945090, TO_TIMESTAMP('2025-07-14 17:45:14.000000', 'SYYYY-MM-DD HH24:MI:SS:FF6'), 1927290201865945090, TO_TIMESTAMP('2025-08-06 10:50:58.000000', 'SYYYY-MM-DD HH24:MI:SS:FF6'), NULL);
INSERT INTO "SPECTRA"."T_SYS_ORGANIZATION" VALUES (1944694800480337921, 1944679712507760641, '贵州分公司', 'ORG_GUIZHOU', 2, NULL, NULL, NULL, 1927290201865945090, TO_TIMESTAMP('2025-07-14 17:45:46.000000', 'SYYYY-MM-DD HH24:MI:SS:FF6'), 1927290201865945090, TO_TIMESTAMP('2025-08-06 10:51:36.000000', 'SYYYY-MM-DD HH24:MI:SS:FF6'), NULL);
INSERT INTO "SPECTRA"."T_SYS_ORGANIZATION" VALUES (1944710101167226882, 1944694666350690306, '昆明分公司', 'ORG_KUNMING', 3, NULL, NULL, NULL, 1927290201865945090, TO_TIMESTAMP('2025-07-14 18:46:34.000000', 'SYYYY-MM-DD HH24:MI:SS:FF6'), 1927290201865945090, TO_TIMESTAMP('2025-08-06 10:51:53.000000', 'SYYYY-MM-DD HH24:MI:SS:FF6'), NULL);
INSERT INTO "SPECTRA"."T_SYS_ORGANIZATION" VALUES (1952914438842458114, 1944679712507760641, '四川分公司', 'ORG_SICHUAN', 2, NULL, NULL, NULL, 1927290201865945090, TO_TIMESTAMP('2025-08-06 10:07:40.000000', 'SYYYY-MM-DD HH24:MI:SS:FF6'), 1927290201865945090, TO_TIMESTAMP('2025-08-06 10:51:41.000000', 'SYYYY-MM-DD HH24:MI:SS:FF6'), NULL);
INSERT INTO "SPECTRA"."T_SYS_ORGANIZATION" VALUES (1952914668522545153, NULL, '重庆分公司', 'ORG_CHONGQING', 2, NULL, NULL, NULL, 1927290201865945090, TO_TIMESTAMP('2025-08-06 10:08:35.000000', 'SYYYY-MM-DD HH24:MI:SS:FF6'), 1927290201865945090, TO_TIMESTAMP('2025-08-06 10:18:18.000000', 'SYYYY-MM-DD HH24:MI:SS:FF6'), TO_TIMESTAMP('2025-08-06 10:18:17.000000', 'SYYYY-MM-DD HH24:MI:SS:FF6'));
INSERT INTO "SPECTRA"."T_SYS_ORGANIZATION" VALUES (1952917325207207938, NULL, '测试', '123333', 1, NULL, NULL, NULL, 1927290201865945090, TO_TIMESTAMP('2025-08-06 10:19:08.000000', 'SYYYY-MM-DD HH24:MI:SS:FF6'), 1927290201865945090, TO_TIMESTAMP('2025-08-06 10:19:12.000000', 'SYYYY-MM-DD HH24:MI:SS:FF6'), TO_TIMESTAMP('2025-08-06 10:19:11.000000', 'SYYYY-MM-DD HH24:MI:SS:FF6'));
INSERT INTO "SPECTRA"."T_SYS_ORGANIZATION" VALUES (1952917479851196417, NULL, '顶顶顶', '12333', 2, NULL, NULL, NULL, 1927290201865945090, TO_TIMESTAMP('2025-08-06 10:19:45.000000', 'SYYYY-MM-DD HH24:MI:SS:FF6'), 1927290201865945090, TO_TIMESTAMP('2025-08-06 10:19:49.000000', 'SYYYY-MM-DD HH24:MI:SS:FF6'), TO_TIMESTAMP('2025-08-06 10:19:48.000000', 'SYYYY-MM-DD HH24:MI:SS:FF6'));

-- ----------------------------
-- Table structure for T_SYS_ROLE
-- ----------------------------
DROP TABLE IF EXISTS "SPECTRA"."T_SYS_ROLE";
CREATE TABLE "SPECTRA"."T_SYS_ROLE" (
  "ID" BIGINT NOT NULL,
  "NAME" VARCHAR(100),
  "CODE" VARCHAR(100),
  "STATE" BIT DEFAULT 1,
  "SCOPE" INT,
  "REMARK" VARCHAR(255),
  "CREATED_BY" BIGINT,
  "CREATED_AT" TIMESTAMP(6) NOT NULL,
  "UPDATED_BY" BIGINT,
  "UPDATED_AT" TIMESTAMP(6) NOT NULL,
  "DELETED" TIMESTAMP(6)
)
;
COMMENT ON COLUMN "SPECTRA"."T_SYS_ROLE"."ID" IS '主键ID';
COMMENT ON COLUMN "SPECTRA"."T_SYS_ROLE"."NAME" IS '名称';
COMMENT ON COLUMN "SPECTRA"."T_SYS_ROLE"."CODE" IS '编码';
COMMENT ON COLUMN "SPECTRA"."T_SYS_ROLE"."STATE" IS '状态';
COMMENT ON COLUMN "SPECTRA"."T_SYS_ROLE"."SCOPE" IS '范围';
COMMENT ON COLUMN "SPECTRA"."T_SYS_ROLE"."REMARK" IS '备注';
COMMENT ON COLUMN "SPECTRA"."T_SYS_ROLE"."CREATED_BY" IS '创建人';
COMMENT ON COLUMN "SPECTRA"."T_SYS_ROLE"."CREATED_AT" IS '创建时间';
COMMENT ON COLUMN "SPECTRA"."T_SYS_ROLE"."UPDATED_BY" IS '最后更新人';
COMMENT ON COLUMN "SPECTRA"."T_SYS_ROLE"."UPDATED_AT" IS '最后更新时间';
COMMENT ON COLUMN "SPECTRA"."T_SYS_ROLE"."DELETED" IS '是否删除';
COMMENT ON TABLE "SPECTRA"."T_SYS_ROLE" IS '角色表';

-- ----------------------------
-- Records of T_SYS_ROLE
-- ----------------------------
INSERT INTO "SPECTRA"."T_SYS_ROLE" VALUES (1932682189593350146, '运维管理员', 'DEV_ADMIN', '1', 2, '运维人员使用,全局范围,拥有所有权限', 1927290201865945090, TO_TIMESTAMP('2025-06-11 14:11:56.000000', 'SYYYY-MM-DD HH24:MI:SS:FF6'), 1927290201865945090, TO_TIMESTAMP('2025-08-06 11:07:05.000000', 'SYYYY-MM-DD HH24:MI:SS:FF6'), NULL);
INSERT INTO "SPECTRA"."T_SYS_ROLE" VALUES (1932685785802162178, '系统管理员', 't_sys_ADMIN', '1', 0, '系统管理员,管理整个系统的,但是看不到系统运维相关的一些内容', 1927290201865945090, TO_TIMESTAMP('2025-06-11 14:26:14.000000', 'SYYYY-MM-DD HH24:MI:SS:FF6'), 1927290201865945090, TO_TIMESTAMP('2025-06-11 14:26:14.000000', 'SYYYY-MM-DD HH24:MI:SS:FF6'), NULL);
INSERT INTO "SPECTRA"."T_SYS_ROLE" VALUES (1932687324356775938, '小组长', 'GROUP_LEADER', '0', 1, '测试禁用状态', 1927290201865945090, TO_TIMESTAMP('2025-06-11 14:32:20.000000', 'SYYYY-MM-DD HH24:MI:SS:FF6'), 1927290201865945090, TO_TIMESTAMP('2025-07-29 14:02:26.000000', 'SYYYY-MM-DD HH24:MI:SS:FF6'), NULL);

-- ----------------------------
-- Table structure for T_SYS_ROLE_AUTHORITY_MAP
-- ----------------------------
DROP TABLE IF EXISTS "SPECTRA"."T_SYS_ROLE_AUTHORITY_MAP";
CREATE TABLE "SPECTRA"."T_SYS_ROLE_AUTHORITY_MAP" (
  "ID" BIGINT NOT NULL,
  "ROLE_ID" BIGINT NOT NULL,
  "AUTHORITY_ID" BIGINT NOT NULL,
  "CREATED_BY" BIGINT,
  "CREATED_AT" TIMESTAMP(6),
  "UPDATED_BY" BIGINT,
  "UPDATED_AT" TIMESTAMP(6),
  "DELETED" TIMESTAMP(6)
)
;
COMMENT ON COLUMN "SPECTRA"."T_SYS_ROLE_AUTHORITY_MAP"."ID" IS '主键ID';
COMMENT ON COLUMN "SPECTRA"."T_SYS_ROLE_AUTHORITY_MAP"."ROLE_ID" IS '角色ID';
COMMENT ON COLUMN "SPECTRA"."T_SYS_ROLE_AUTHORITY_MAP"."AUTHORITY_ID" IS '权限ID';
COMMENT ON COLUMN "SPECTRA"."T_SYS_ROLE_AUTHORITY_MAP"."CREATED_BY" IS '创建人';
COMMENT ON COLUMN "SPECTRA"."T_SYS_ROLE_AUTHORITY_MAP"."CREATED_AT" IS '创建时间';
COMMENT ON COLUMN "SPECTRA"."T_SYS_ROLE_AUTHORITY_MAP"."UPDATED_BY" IS '最后更新人';
COMMENT ON COLUMN "SPECTRA"."T_SYS_ROLE_AUTHORITY_MAP"."UPDATED_AT" IS '最后更新时间';
COMMENT ON COLUMN "SPECTRA"."T_SYS_ROLE_AUTHORITY_MAP"."DELETED" IS '是否删除';
COMMENT ON TABLE "SPECTRA"."T_SYS_ROLE_AUTHORITY_MAP" IS '权限表<->角色';

-- ----------------------------
-- Records of T_SYS_ROLE_AUTHORITY_MAP
-- ----------------------------

-- ----------------------------
-- Table structure for T_SYS_USER
-- ----------------------------
DROP TABLE IF EXISTS "SPECTRA"."T_SYS_USER";
CREATE TABLE "SPECTRA"."T_SYS_USER" (
  "ID" BIGINT NOT NULL,
  "NAME" VARCHAR(100),
  "EMAIL" VARCHAR(100),
  "AVATAR" VARCHAR(100),
  "STATE" BIT DEFAULT 0,
  "ORGANIZATION_ID" BIGINT,
  "CREATED_BY" BIGINT,
  "CREATED_AT" TIMESTAMP(6),
  "UPDATED_BY" BIGINT,
  "UPDATED_AT" TIMESTAMP(6),
  "DELETED" TIMESTAMP(6)
)
;
COMMENT ON COLUMN "SPECTRA"."T_SYS_USER"."ID" IS '主键ID';
COMMENT ON COLUMN "SPECTRA"."T_SYS_USER"."NAME" IS '姓名';
COMMENT ON COLUMN "SPECTRA"."T_SYS_USER"."EMAIL" IS '邮箱';
COMMENT ON COLUMN "SPECTRA"."T_SYS_USER"."AVATAR" IS '头像';
COMMENT ON COLUMN "SPECTRA"."T_SYS_USER"."STATE" IS '状态';
COMMENT ON COLUMN "SPECTRA"."T_SYS_USER"."ORGANIZATION_ID" IS '所属组织机构ID';
COMMENT ON COLUMN "SPECTRA"."T_SYS_USER"."CREATED_BY" IS '创建人';
COMMENT ON COLUMN "SPECTRA"."T_SYS_USER"."CREATED_AT" IS '创建时间';
COMMENT ON COLUMN "SPECTRA"."T_SYS_USER"."UPDATED_BY" IS '最后更新人';
COMMENT ON COLUMN "SPECTRA"."T_SYS_USER"."UPDATED_AT" IS '最后更新时间';
COMMENT ON COLUMN "SPECTRA"."T_SYS_USER"."DELETED" IS '是否删除';
COMMENT ON TABLE "SPECTRA"."T_SYS_USER" IS '用户信息';

-- ----------------------------
-- Records of T_SYS_USER
-- ----------------------------
INSERT INTO "SPECTRA"."T_SYS_USER" VALUES (1934276682383138817, '平台管理员', 'yangxj96@gmail.com', NULL, '0', 1944679712507760641, NULL, TO_TIMESTAMP('2025-06-15 23:47:53.000000', 'SYYYY-MM-DD HH24:MI:SS:FF6'), 1927290201865945090, TO_TIMESTAMP('2025-06-24 11:37:14.000000', 'SYYYY-MM-DD HH24:MI:SS:FF6'), NULL);
INSERT INTO "SPECTRA"."T_SYS_USER" VALUES (1937354420709711873, '超级管理员', 'sysadmin@1.com', NULL, '0', 1944679712507760641, 1927290201865945090, TO_TIMESTAMP('2025-06-24 11:37:43.000000', 'SYYYY-MM-DD HH24:MI:SS:FF6'), 1927290201865945090, TO_TIMESTAMP('2025-08-05 11:34:59.000000', 'SYYYY-MM-DD HH24:MI:SS:FF6'), NULL);
INSERT INTO "SPECTRA"."T_SYS_USER" VALUES (1937706586813169665, '测试用户', 'ceshi@1.com', NULL, '1', 1944679712507760641, 1927290201865945090, TO_TIMESTAMP('2025-06-25 10:57:06.000000', 'SYYYY-MM-DD HH24:MI:SS:FF6'), 1927290201865945090, TO_TIMESTAMP('2025-08-06 11:09:47.000000', 'SYYYY-MM-DD HH24:MI:SS:FF6'), NULL);

-- ----------------------------
-- Table structure for T_SYS_USER_ROLE_MAP
-- ----------------------------
DROP TABLE IF EXISTS "SPECTRA"."T_SYS_USER_ROLE_MAP";
CREATE TABLE "SPECTRA"."T_SYS_USER_ROLE_MAP" (
  "ID" BIGINT NOT NULL,
  "USER_ID" BIGINT NOT NULL,
  "ROLE_ID" BIGINT NOT NULL,
  "CREATED_BY" BIGINT,
  "CREATED_AT" TIMESTAMP(6),
  "UPDATED_BY" BIGINT,
  "UPDATED_AT" TIMESTAMP(6),
  "DELETED" TIMESTAMP(6)
)
;
COMMENT ON COLUMN "SPECTRA"."T_SYS_USER_ROLE_MAP"."ID" IS '主键ID';
COMMENT ON COLUMN "SPECTRA"."T_SYS_USER_ROLE_MAP"."USER_ID" IS '用户ID';
COMMENT ON COLUMN "SPECTRA"."T_SYS_USER_ROLE_MAP"."ROLE_ID" IS '角色ID';
COMMENT ON COLUMN "SPECTRA"."T_SYS_USER_ROLE_MAP"."CREATED_BY" IS '创建人';
COMMENT ON COLUMN "SPECTRA"."T_SYS_USER_ROLE_MAP"."CREATED_AT" IS '创建时间';
COMMENT ON COLUMN "SPECTRA"."T_SYS_USER_ROLE_MAP"."UPDATED_BY" IS '最后更新人';
COMMENT ON COLUMN "SPECTRA"."T_SYS_USER_ROLE_MAP"."UPDATED_AT" IS '最后更新时间';
COMMENT ON COLUMN "SPECTRA"."T_SYS_USER_ROLE_MAP"."DELETED" IS '是否删除';
COMMENT ON TABLE "SPECTRA"."T_SYS_USER_ROLE_MAP" IS '角色表<->账户';

-- ----------------------------
-- Records of T_SYS_USER_ROLE_MAP
-- ----------------------------
INSERT INTO "SPECTRA"."T_SYS_USER_ROLE_MAP" VALUES (1934292480493473793, 1934276682383138817, 1932682189593350146, NULL, TO_TIMESTAMP('2025-06-16 00:50:39.000000', 'SYYYY-MM-DD HH24:MI:SS:FF6'), NULL, TO_TIMESTAMP('2025-06-16 00:50:39.000000', 'SYYYY-MM-DD HH24:MI:SS:FF6'), NULL);
INSERT INTO "SPECTRA"."T_SYS_USER_ROLE_MAP" VALUES (1937354421099782147, 1937354420709711873, 1932685785802162178, NULL, TO_TIMESTAMP('2025-06-24 11:37:43.000000', 'SYYYY-MM-DD HH24:MI:SS:FF6'), NULL, TO_TIMESTAMP('2025-06-24 11:37:43.000000', 'SYYYY-MM-DD HH24:MI:SS:FF6'), NULL);
INSERT INTO "SPECTRA"."T_SYS_USER_ROLE_MAP" VALUES (1937706587291320321, 1937706586813169665, 1932687324356775938, NULL, TO_TIMESTAMP('2025-06-25 10:57:06.000000', 'SYYYY-MM-DD HH24:MI:SS:FF6'), NULL, TO_TIMESTAMP('2025-06-25 10:57:06.000000', 'SYYYY-MM-DD HH24:MI:SS:FF6'), NULL);

-- ----------------------------
-- Primary Key structure for table T_SYS_ACCOUNT
-- ----------------------------
ALTER TABLE "SPECTRA"."T_SYS_ACCOUNT" ADD PRIMARY KEY ("ID");

-- ----------------------------
-- Primary Key structure for table T_SYS_AUTHORITY
-- ----------------------------
ALTER TABLE "SPECTRA"."T_SYS_AUTHORITY" ADD PRIMARY KEY ("ID");

-- ----------------------------
-- Primary Key structure for table T_SYS_DICT_DATA
-- ----------------------------
ALTER TABLE "SPECTRA"."T_SYS_DICT_DATA" ADD PRIMARY KEY ("ID");

-- ----------------------------
-- Primary Key structure for table T_SYS_DICT_GROUP
-- ----------------------------
ALTER TABLE "SPECTRA"."T_SYS_DICT_GROUP" ADD PRIMARY KEY ("ID");

-- ----------------------------
-- Primary Key structure for table T_SYS_MENU
-- ----------------------------
ALTER TABLE "SPECTRA"."T_SYS_MENU" ADD PRIMARY KEY ("ID");

-- ----------------------------
-- Primary Key structure for table T_SYS_OPERATION_LOG
-- ----------------------------
ALTER TABLE "SPECTRA"."T_SYS_OPERATION_LOG" ADD PRIMARY KEY ("ID");

-- ----------------------------
-- Primary Key structure for table T_SYS_ORGANIZATION
-- ----------------------------
ALTER TABLE "SPECTRA"."T_SYS_ORGANIZATION" ADD PRIMARY KEY ("ID");

-- ----------------------------
-- Primary Key structure for table T_SYS_ROLE
-- ----------------------------
ALTER TABLE "SPECTRA"."T_SYS_ROLE" ADD PRIMARY KEY ("ID");

-- ----------------------------
-- Primary Key structure for table T_SYS_ROLE_AUTHORITY_MAP
-- ----------------------------
ALTER TABLE "SPECTRA"."T_SYS_ROLE_AUTHORITY_MAP" ADD PRIMARY KEY ("ID");

-- ----------------------------
-- Primary Key structure for table T_SYS_USER
-- ----------------------------
ALTER TABLE "SPECTRA"."T_SYS_USER" ADD PRIMARY KEY ("ID");

-- ----------------------------
-- Primary Key structure for table T_SYS_USER_ROLE_MAP
-- ----------------------------
ALTER TABLE "SPECTRA"."T_SYS_USER_ROLE_MAP" ADD PRIMARY KEY ("ID");
